,Campaign_ID,Budget,Duration,Platform,Content_Type,Target_Age,Target_Gender,Region,Clicks,Conversions,CTR,CPC,Conversion_Rate,Success
0,camp-xaji0y,15895,39,instagram,video,35-44,female,us,48297,2116,303.85,0.33,4.38,1
1,camp-6dpbhs,960,8,linkedin,video,45-54,female,uk,15097,2340,1572.6,0.06,15.5,1
2,camp-ahxthv,38258,54,youtube,image,35-44,all,us,8134,2740,21.26,4.7,33.69,1
3,camp-3a3zmf,44832,28,facebook,text,25-34,female,us,21801,4277,48.63,2.06,19.62,1
4,camp-8mdd4v,11384,36,google,story,18-24,all,uk,16503,1488,144.97,0.69,9.02,1
5,camp-30t9nt,6365,58,linkedin,image,45-54,male,uk,20358,1558,319.84,0.31,7.65,1
6,camp-3w5uzb,16950,47,facebook,text,35-44,male,us,39018,2114,230.19,0.43,5.42,1
7,camp-ikcidk,37294,8,linkedin,story,55+,all,germany,30127,1045,80.78,1.24,3.47,1
8,camp-wnnhj7,22062,39,linkedin,carousel,18-24,female,uk,43096,2432,195.34,0.51,5.64,1
9,camp-xvg0fn,47291,59,google,story,25-34,all,india,34825,1583,73.64,1.36,4.55,1
10,camp-9xuy41,44231,35,youtube,video,35-44,female,canada,48620,1309,109.92,0.91,2.69,1
11,camp-ibljh7,16123,55,instagram,video,25-34,male,us,46147,4918,286.22,0.35,10.66,1
12,camp-5lxo6q,41190,24,youtube,carousel,25-34,female,us,24553,602,59.61,1.68,2.45,1
13,camp-jiujv6,1785,23,google,image,45-54,all,canada,2829,1621,158.49,0.63,57.3,1
14,camp-oh9sdb,869,8,google,text,45-54,all,germany,21354,4881,2457.31,0.04,22.86,1
15,camp-dw2pcn,2533,8,google,story,35-44,male,canada,805,4767,31.78,3.15,592.17,1
16,camp-9t84az,5411,57,facebook,video,55+,female,uk,39313,101,726.54,0.14,0.26,0
17,camp-ytjxep,37919,50,youtube,image,35-44,female,canada,43005,4272,113.41,0.88,9.93,1
18,camp-q85jsg,39288,6,youtube,carousel,55+,female,us,42331,238,107.75,0.93,0.56,0
19,camp-65kxvf,17668,32,linkedin,video,25-34,male,canada,17450,4026,98.77,1.01,23.07,1
20,camp-1t2tal,19869,13,linkedin,carousel,18-24,female,india,40165,2919,202.15,0.49,7.27,1
21,camp-a753lc,28793,32,linkedin,story,35-44,all,uk,14299,2543,49.66,2.01,17.78,1
22,camp-58drc1,6496,33,google,text,35-44,female,canada,47697,2004,734.25,0.14,4.2,1
23,camp-1ertj5,27580,26,youtube,video,55+,male,us,46875,1538,169.96,0.59,3.28,1
24,camp-pht0hl,41534,57,google,video,25-34,female,uk,44875,755,108.04,0.93,1.68,0
25,camp-9xpsei,25758,11,facebook,story,25-34,female,us,24650,3369,95.7,1.04,13.67,1
26,camp-mvihcw,19042,57,linkedin,image,55+,all,germany,37756,2259,198.28,0.5,5.98,1
27,camp-i64ciy,18531,5,google,text,25-34,female,india,19272,3666,104.0,0.96,19.02,1
28,camp-he7ur2,2847,53,google,video,45-54,all,germany,33555,4236,1178.61,0.08,12.62,1
29,camp-3gdppq,289,33,facebook,text,18-24,all,india,39018,541,13501.04,0.01,1.39,0
30,camp-0y9dom,19218,42,instagram,video,35-44,male,canada,41189,270,214.33,0.47,0.66,0
31,camp-5igqpk,35873,39,youtube,text,18-24,all,uk,49433,3461,137.8,0.73,7.0,1
32,camp-i7p5tb,1999,38,instagram,carousel,35-44,all,canada,41352,3409,2068.63,0.05,8.24,1
33,camp-94874f,1367,26,linkedin,video,45-54,male,india,29198,506,2135.92,0.05,1.73,0
34,camp-rhocn9,31651,33,google,text,25-34,all,india,22352,1130,70.62,1.42,5.06,1
35,camp-j2qp89,11494,8,facebook,image,55+,male,india,2673,2080,23.26,4.3,77.82,1
36,camp-uzfk8u,3656,4,facebook,carousel,45-54,female,us,8696,3146,237.86,0.42,36.18,1
37,camp-t0cvs4,3990,22,youtube,carousel,18-24,male,uk,13593,3243,340.68,0.29,23.86,1
38,camp-f8cgvy,41706,30,instagram,image,55+,all,canada,29010,4909,69.56,1.44,16.92,1
39,camp-ie6ivw,30840,13,youtube,text,25-34,male,canada,22835,362,74.04,1.35,1.59,0
40,camp-pvs7hz,14602,6,google,story,45-54,all,germany,12867,3721,88.12,1.13,28.92,1
41,camp-ioykl1,21877,17,youtube,image,55+,female,india,31456,1457,143.79,0.7,4.63,1
42,camp-cq99ch,10727,8,facebook,text,45-54,male,india,23506,4068,219.13,0.46,17.31,1
43,camp-j755nf,8892,56,facebook,image,45-54,female,india,23827,4196,267.96,0.37,17.61,1
44,camp-4zw9xa,43423,51,linkedin,image,25-34,all,canada,20964,1682,48.28,2.07,8.02,1
45,camp-3kx7ee,43121,32,linkedin,video,35-44,all,germany,29603,1053,68.65,1.46,3.56,1
46,camp-dtjvzh,8533,58,google,text,55+,female,us,23598,2510,276.55,0.36,10.64,1
47,camp-wjr64d,43101,40,instagram,story,25-34,male,uk,37315,4728,86.58,1.16,12.67,1
48,camp-pja1wj,11116,53,youtube,video,45-54,male,us,40751,682,366.6,0.27,1.67,0
49,camp-0tpac5,23997,59,google,image,25-34,all,canada,6777,3933,28.24,3.54,58.03,1
50,camp-6t4ufe,2712,4,linkedin,image,35-44,female,india,44974,2130,1658.33,0.06,4.74,1
51,camp-l6246h,23583,17,youtube,image,55+,female,uk,32477,4850,137.71,0.73,14.93,1
52,camp-id25ow,48655,13,linkedin,text,35-44,male,canada,16742,4017,34.41,2.91,23.99,1
53,camp-f75935,17259,10,youtube,text,18-24,male,canada,31675,3303,183.53,0.54,10.43,1
54,camp-a0l725,45074,28,instagram,video,55+,male,canada,24968,720,55.39,1.81,2.88,1
55,camp-3j2d54,41094,53,google,story,35-44,female,uk,41445,75,100.85,0.99,0.18,0
56,camp-i3qk2i,14641,47,youtube,video,45-54,male,uk,41186,1294,281.31,0.36,3.14,1
57,camp-agl58k,36020,46,facebook,carousel,55+,male,germany,49340,1923,136.98,0.73,3.9,1
58,camp-xo9t7e,26631,7,facebook,image,55+,all,germany,49395,4158,185.48,0.54,8.42,1
59,camp-8g8jdp,1685,8,youtube,image,25-34,male,us,15627,4970,927.42,0.11,31.8,1
60,camp-0lvsnu,4043,28,youtube,image,45-54,male,uk,19669,320,486.5,0.21,1.63,0
61,camp-jza7tz,24039,56,youtube,video,18-24,female,uk,46290,2150,192.56,0.52,4.64,1
62,camp-0yncxl,19557,6,facebook,video,35-44,female,uk,33760,1453,172.62,0.58,4.3,1
63,camp-l4zklo,1121,21,facebook,image,25-34,all,germany,37438,4970,3339.7,0.03,13.28,1
64,camp-okep7y,11753,22,youtube,video,35-44,male,canada,16245,1556,138.22,0.72,9.58,1
65,camp-6wktak,43673,35,linkedin,text,18-24,all,india,27739,4208,63.52,1.57,15.17,1
66,camp-puxqph,13517,22,linkedin,text,18-24,female,germany,11204,3033,82.89,1.21,27.07,1
67,camp-r62gds,40857,51,instagram,video,55+,all,uk,39171,461,95.87,1.04,1.18,0
68,camp-wm31yi,9792,14,google,image,18-24,female,germany,29462,887,300.88,0.33,3.01,1
69,camp-hair4c,45858,49,linkedin,video,35-44,all,us,21391,3534,46.65,2.14,16.52,1
70,camp-owgzri,6973,3,facebook,video,45-54,all,uk,32068,3937,459.89,0.22,12.28,1
71,camp-xa11dp,5775,28,linkedin,video,45-54,male,us,9195,1116,159.22,0.63,12.14,1
72,camp-g8sbi4,261,16,instagram,carousel,55+,all,uk,42312,1076,16211.49,0.01,2.54,1
73,camp-q2y9v8,37165,40,instagram,text,35-44,male,germany,46380,3877,124.79,0.8,8.36,1
74,camp-6wzs3t,26657,39,google,story,35-44,male,canada,22273,4616,83.55,1.2,20.72,1
75,camp-60rjiw,33863,13,linkedin,story,18-24,male,india,2930,4908,8.65,11.56,167.51,1
76,camp-1swjck,32706,38,facebook,carousel,35-44,male,us,21321,1925,65.19,1.53,9.03,1
77,camp-jlteiy,11634,15,facebook,video,25-34,all,germany,33363,927,286.77,0.35,2.78,1
78,camp-zcotoh,29227,45,youtube,carousel,18-24,female,canada,46950,4653,160.64,0.62,9.91,1
79,camp-p6vz41,40497,5,facebook,carousel,25-34,female,germany,13354,2282,32.98,3.03,17.09,1
80,camp-nam148,25951,35,google,image,55+,female,us,34745,1056,133.89,0.75,3.04,1
81,camp-p0tvhh,1116,8,google,text,45-54,all,india,30275,4675,2712.81,0.04,15.44,1
82,camp-pbmyof,24353,52,facebook,story,55+,male,germany,20586,542,84.53,1.18,2.63,1
83,camp-qewaou,24376,58,facebook,video,45-54,female,uk,30881,2162,126.69,0.79,7.0,1
84,camp-axeqbn,23347,12,youtube,story,55+,all,canada,49206,2252,210.76,0.47,4.58,1
85,camp-hl1n13,24400,7,facebook,story,35-44,male,germany,11723,1053,48.05,2.08,8.98,1
86,camp-jcat9m,8629,25,youtube,text,25-34,female,canada,21967,4570,254.57,0.39,20.8,1
87,camp-x2x18h,17362,12,youtube,story,45-54,male,uk,27879,2745,160.57,0.62,9.85,1
88,camp-afeyuh,9368,46,facebook,story,18-24,female,india,15422,3870,164.62,0.61,25.09,1
89,camp-z1gv0e,21371,4,instagram,carousel,25-34,female,india,25988,4482,121.6,0.82,17.25,1
90,camp-38daly,12285,15,instagram,text,18-24,female,uk,2713,4158,22.08,4.53,153.26,1
91,camp-8ozcyw,21343,42,youtube,image,25-34,male,canada,47851,4611,224.2,0.45,9.64,1
92,camp-d14ve9,39199,4,facebook,video,25-34,all,germany,9515,4526,24.27,4.12,47.57,1
93,camp-2mpnsm,8671,22,instagram,story,55+,male,uk,3376,4676,38.93,2.57,138.51,1
94,camp-43d8w3,40076,3,facebook,video,45-54,female,us,3709,1561,9.25,10.81,42.09,1
95,camp-zp08j3,38144,39,facebook,image,45-54,male,canada,27644,3763,72.47,1.38,13.61,1
96,camp-trp0j4,49316,11,facebook,video,25-34,all,india,4813,1165,9.76,10.25,24.21,1
97,camp-3d5iqv,49084,19,linkedin,image,35-44,male,uk,23171,2723,47.21,2.12,11.75,1
98,camp-nb4gh2,40874,11,facebook,carousel,35-44,all,india,10878,2359,26.61,3.76,21.69,1
99,camp-m5zja8,2668,13,linkedin,story,18-24,all,canada,47638,471,1785.53,0.06,0.99,0
100,camp-dzr1yx,2127,17,youtube,image,18-24,male,india,11271,1417,529.9,0.19,12.57,1
101,camp-r2dhyl,2795,26,instagram,video,55+,female,uk,11261,1469,402.9,0.25,13.05,1
102,camp-urtp0l,48290,40,instagram,story,25-34,all,canada,13619,809,28.2,3.55,5.94,1
103,camp-zjjege,5358,57,instagram,carousel,18-24,male,us,31408,172,586.19,0.17,0.55,0
104,camp-t1ghr0,22102,37,instagram,story,18-24,all,uk,37910,4127,171.52,0.58,10.89,1
105,camp-9skdgi,39604,32,instagram,image,25-34,female,germany,6072,4143,15.33,6.52,68.23,1
106,camp-gatj9t,33259,33,instagram,carousel,55+,male,uk,45387,4226,136.47,0.73,9.31,1
107,camp-ze5r5u,14086,51,instagram,video,18-24,male,canada,13565,2400,96.3,1.04,17.69,1
108,camp-qpgb7r,12766,7,youtube,carousel,55+,male,uk,6209,1646,48.64,2.06,26.51,1
109,camp-3ocwbf,38760,46,facebook,carousel,45-54,female,us,46041,58,118.78,0.84,0.13,0
110,camp-uk9e1v,3661,52,google,text,55+,all,us,41263,1130,1127.1,0.09,2.74,1
111,camp-2isqp4,26954,16,linkedin,carousel,35-44,male,germany,21741,1354,80.66,1.24,6.23,1
112,camp-9kwv08,39052,55,google,carousel,35-44,all,india,24954,768,63.9,1.56,3.08,1
113,camp-hhxfgc,22762,58,google,story,55+,all,canada,43840,3896,192.6,0.52,8.89,1
114,camp-aqvkiz,8492,13,facebook,video,35-44,female,canada,3094,683,36.43,2.74,22.07,1
115,camp-zqy72w,30635,11,facebook,story,45-54,male,india,9662,3455,31.54,3.17,35.76,1
116,camp-x7ptx6,13167,36,facebook,story,25-34,all,us,5686,2009,43.18,2.32,35.33,1
117,camp-3cfl0u,48133,14,instagram,image,35-44,male,us,11643,3143,24.19,4.13,26.99,1
118,camp-keyz7s,23699,37,youtube,story,35-44,male,uk,48997,1791,206.75,0.48,3.66,1
119,camp-rcbplj,35322,37,instagram,text,55+,female,germany,2942,1478,8.33,12.01,50.24,1
120,camp-d84u89,11937,3,youtube,text,45-54,male,germany,21722,886,181.97,0.55,4.08,1
121,camp-yjb1qx,14139,42,youtube,image,25-34,male,germany,5862,3907,41.46,2.41,66.65,1
122,camp-6gvwrd,30918,24,google,video,55+,all,uk,31135,4493,100.7,0.99,14.43,1
123,camp-mly4ly,19215,31,google,video,55+,female,germany,704,1539,3.66,27.29,218.61,0
124,camp-k83tql,11065,10,youtube,story,45-54,male,india,17193,2074,155.38,0.64,12.06,1
125,camp-l8os9x,24638,13,youtube,story,25-34,all,uk,1848,313,7.5,13.33,16.94,1
126,camp-togn1w,42630,43,instagram,story,45-54,female,india,37977,811,89.09,1.12,2.14,1
127,camp-1ht7pz,5156,39,instagram,video,25-34,female,uk,29137,2236,565.11,0.18,7.67,1
128,camp-e9vift,32582,16,google,carousel,45-54,all,germany,11668,2858,35.81,2.79,24.49,1
129,camp-td96qe,47816,32,facebook,text,55+,all,india,8496,2764,17.77,5.63,32.53,1
130,camp-3rzsj4,8210,37,youtube,carousel,55+,all,india,21696,2033,264.26,0.38,9.37,1
131,camp-9itn7s,13873,23,instagram,carousel,18-24,all,india,36641,1508,264.12,0.38,4.12,1
132,camp-55j2o7,27366,39,google,video,35-44,all,uk,48917,4546,178.75,0.56,9.29,1
133,camp-s3kkv9,17512,7,instagram,carousel,45-54,male,canada,27250,2571,155.61,0.64,9.43,1
134,camp-rftmtt,33370,21,youtube,image,18-24,male,germany,29621,1895,88.77,1.13,6.4,1
135,camp-qlgzui,7010,16,youtube,story,35-44,female,india,22588,2706,322.23,0.31,11.98,1
136,camp-1b0z3n,45553,28,linkedin,image,45-54,male,canada,40605,597,89.14,1.12,1.47,0
137,camp-x39rbs,25546,6,facebook,text,25-34,male,germany,44014,2148,172.29,0.58,4.88,1
138,camp-v55psq,306,27,linkedin,story,35-44,male,germany,20950,616,6846.41,0.01,2.94,1
139,camp-0oxfq8,21618,47,google,carousel,55+,all,india,22406,948,103.65,0.96,4.23,1
140,camp-myx444,22461,44,instagram,text,18-24,female,india,23073,4652,102.72,0.97,20.16,1
141,camp-nlz15b,23519,27,google,story,35-44,female,uk,39198,4374,166.67,0.6,11.16,1
142,camp-cw790p,48802,20,youtube,carousel,35-44,female,canada,17442,3765,35.74,2.8,21.59,1
143,camp-dw5py6,41623,42,linkedin,image,55+,female,canada,20748,2014,49.85,2.01,9.71,1
144,camp-b2knft,45251,10,linkedin,story,45-54,male,india,42520,3698,93.96,1.06,8.7,1
145,camp-u2gc5w,22503,41,linkedin,carousel,25-34,male,germany,26585,491,118.14,0.85,1.85,0
146,camp-i6fqjj,18241,42,google,image,55+,all,india,35500,4351,194.62,0.51,12.26,1
147,camp-a26yfp,14920,16,youtube,text,25-34,female,germany,33807,2429,226.59,0.44,7.18,1
148,camp-mvxpj4,40442,34,instagram,text,45-54,male,germany,12526,4988,30.97,3.23,39.82,1
149,camp-hnriuu,6474,53,instagram,text,35-44,male,india,41264,542,637.38,0.16,1.31,0
150,camp-9k9xju,1778,40,google,text,25-34,all,us,4761,1288,267.77,0.37,27.05,1
151,camp-y0bvr6,33927,35,linkedin,video,18-24,all,canada,6529,1634,19.24,5.2,25.03,1
152,camp-k2vmww,16298,25,facebook,story,18-24,all,germany,31440,4921,192.91,0.52,15.65,1
153,camp-yzx4w6,10014,17,google,story,55+,male,germany,13211,2927,131.93,0.76,22.16,1
154,camp-xlpu0d,27990,35,google,video,45-54,male,us,32202,1353,115.05,0.87,4.2,1
155,camp-k0get8,22399,27,youtube,carousel,55+,all,uk,14685,4377,65.56,1.53,29.81,1
156,camp-t63j3r,43685,19,instagram,carousel,55+,female,us,40893,1299,93.61,1.07,3.18,1
157,camp-30me8f,43789,35,google,text,55+,all,us,30347,4869,69.3,1.44,16.04,1
158,camp-840982,42657,49,google,image,18-24,all,germany,20886,3968,48.96,2.04,19.0,1
159,camp-n2atqy,49180,57,linkedin,carousel,18-24,all,canada,24881,4424,50.59,1.98,17.78,1
160,camp-yv37di,44120,4,linkedin,image,55+,all,us,1057,2259,2.4,41.74,213.72,0
161,camp-a5u6hc,2793,16,facebook,story,18-24,male,uk,26381,4648,944.54,0.11,17.62,1
162,camp-36kof8,29567,55,youtube,image,45-54,female,india,40506,2074,137.0,0.73,5.12,1
163,camp-krd5eq,29823,42,facebook,story,55+,all,us,10813,702,36.26,2.76,6.49,1
164,camp-y08p0f,46799,42,linkedin,video,18-24,female,us,3958,1920,8.46,11.82,48.51,1
165,camp-odro8b,3727,53,instagram,video,25-34,female,uk,27623,2461,741.16,0.13,8.91,1
166,camp-np84dy,26039,41,linkedin,text,55+,female,canada,19237,4263,73.88,1.35,22.16,1
167,camp-t9moge,49025,53,youtube,carousel,55+,all,us,12007,4265,24.49,4.08,35.52,1
168,camp-4qxxva,43041,8,linkedin,text,45-54,male,us,4429,4325,10.29,9.72,97.65,1
169,camp-2ieuc1,21934,8,youtube,story,35-44,all,canada,28009,367,127.7,0.78,1.31,0
170,camp-hh5lf6,18147,5,youtube,text,35-44,female,uk,16532,528,91.1,1.1,3.19,1
171,camp-a4fejg,26205,9,youtube,image,45-54,female,us,27155,4887,103.63,0.97,18.0,1
172,camp-xaa2il,10330,53,youtube,story,45-54,male,canada,927,3719,8.97,11.14,401.19,1
173,camp-gb0s0r,15807,10,youtube,video,45-54,all,us,48403,3610,306.21,0.33,7.46,1
174,camp-2sds8b,22076,44,instagram,carousel,35-44,female,india,18302,3936,82.9,1.21,21.51,1
175,camp-25sq8c,44362,54,facebook,story,45-54,male,germany,31384,4620,70.75,1.41,14.72,1
176,camp-royr6c,23876,17,google,story,18-24,female,india,19099,2154,79.99,1.25,11.28,1
177,camp-cvcjwt,30180,49,facebook,image,55+,male,us,17822,1909,59.05,1.69,10.71,1
178,camp-l9tqvd,1406,31,youtube,carousel,55+,male,uk,2687,3013,191.11,0.52,112.13,1
179,camp-z4x1zh,6876,35,instagram,video,25-34,all,germany,7292,4229,106.05,0.94,58.0,1
180,camp-qimqod,27351,54,linkedin,story,25-34,female,india,42075,3023,153.83,0.65,7.18,1
181,camp-pxnf7c,9574,32,instagram,story,55+,all,canada,41431,3484,432.74,0.23,8.41,1
182,camp-3dd03u,40394,41,youtube,image,18-24,female,uk,35701,2721,88.38,1.13,7.62,1
183,camp-vulemx,22059,29,instagram,text,35-44,all,india,34022,1771,154.23,0.65,5.21,1
184,camp-15z8vm,5630,38,instagram,video,35-44,female,canada,16978,4114,301.56,0.33,24.23,1
185,camp-uhxid4,29420,31,youtube,carousel,18-24,all,us,28792,1778,97.87,1.02,6.18,1
186,camp-n1u349,3848,40,instagram,story,35-44,male,canada,11881,4213,308.76,0.32,35.46,1
187,camp-3wxa73,32068,59,google,story,45-54,female,india,48282,798,150.56,0.66,1.65,0
188,camp-jgzlma,32662,35,google,video,55+,female,india,19606,3216,60.03,1.67,16.4,1
189,camp-5uofwb,13645,39,instagram,text,55+,male,us,25393,3789,186.1,0.54,14.92,1
190,camp-0hpmnz,763,29,linkedin,story,18-24,all,canada,22884,2977,2999.21,0.03,13.01,1
191,camp-1udbfw,34866,57,youtube,video,35-44,female,canada,46812,3738,134.26,0.74,7.99,1
192,camp-yjxrpj,8094,35,google,image,25-34,female,us,39338,1712,486.01,0.21,4.35,1
193,camp-1epkyr,28121,6,linkedin,text,25-34,all,canada,33472,753,119.03,0.84,2.25,1
194,camp-ybovak,30403,24,instagram,carousel,35-44,male,us,23255,2470,76.49,1.31,10.62,1
195,camp-hejla0,3404,4,linkedin,story,25-34,all,uk,18880,3970,554.64,0.18,21.03,1
196,camp-gnzs43,46676,12,facebook,video,18-24,all,india,8462,1393,18.13,5.52,16.46,1
197,camp-c5ba75,39453,7,google,image,18-24,all,uk,3716,2606,9.42,10.62,70.13,1
198,camp-uuzpea,17775,12,instagram,carousel,35-44,female,germany,37095,678,208.69,0.48,1.83,0
199,camp-l2w37d,44517,35,youtube,video,25-34,male,germany,20836,106,46.8,2.14,0.51,0
200,camp-4ivsol,24038,56,instagram,video,18-24,male,germany,5565,3288,23.15,4.32,59.08,1
201,camp-mlgses,23764,40,youtube,carousel,18-24,all,us,42023,4754,176.83,0.57,11.31,1
202,camp-6m033i,1736,15,instagram,image,45-54,female,canada,26677,1947,1536.69,0.07,7.3,1
203,camp-fhv1xg,20180,33,linkedin,image,45-54,all,uk,15248,1096,75.56,1.32,7.19,1
204,camp-1r11q7,27828,49,linkedin,text,18-24,female,uk,4035,1783,14.5,6.9,44.19,1
205,camp-uww5wf,49950,38,linkedin,story,35-44,female,uk,45953,4542,92.0,1.09,9.88,1
206,camp-cpkjcs,26836,47,facebook,carousel,55+,female,uk,40985,3258,152.72,0.65,7.95,1
207,camp-lqc3c5,28773,26,youtube,carousel,55+,female,germany,29525,1998,102.61,0.97,6.77,1
208,camp-4wsqt2,37605,54,linkedin,carousel,18-24,male,uk,40266,4870,107.08,0.93,12.09,1
209,camp-6q3xlr,47423,58,facebook,image,18-24,female,canada,19453,1562,41.02,2.44,8.03,1
210,camp-fcd6mz,46745,17,youtube,story,18-24,female,germany,3731,4007,7.98,12.53,107.4,1
211,camp-sgipps,954,31,instagram,text,35-44,all,uk,26069,1676,2732.6,0.04,6.43,1
212,camp-fnkomv,24648,10,facebook,video,45-54,all,us,27636,1123,112.12,0.89,4.06,1
213,camp-2xcdyk,38723,7,google,video,18-24,male,india,49774,3982,128.54,0.78,8.0,1
214,camp-0x65mu,7492,31,facebook,carousel,18-24,all,india,42342,1302,565.16,0.18,3.07,1
215,camp-fm8zov,46817,49,facebook,story,25-34,female,india,37571,944,80.25,1.25,2.51,1
216,camp-7ln23y,21656,6,youtube,image,35-44,all,germany,39900,4551,184.24,0.54,11.41,1
217,camp-30ysxp,38659,14,instagram,story,18-24,male,uk,36820,946,95.24,1.05,2.57,1
218,camp-nngh8r,26409,47,google,story,25-34,all,germany,5679,601,21.5,4.65,10.58,1
219,camp-iec4d1,22019,4,linkedin,image,55+,all,canada,27760,2701,126.07,0.79,9.73,1
220,camp-45bm1e,5031,29,linkedin,carousel,18-24,male,us,30378,4821,603.82,0.17,15.87,1
221,camp-nf313f,33070,33,facebook,story,18-24,male,us,12328,1418,37.28,2.68,11.5,1
222,camp-poyipk,44315,53,youtube,video,25-34,female,india,8467,1525,19.11,5.23,18.01,1
223,camp-0qtl3q,12788,53,youtube,image,35-44,all,india,34815,3767,272.25,0.37,10.82,1
224,camp-4n89qk,25442,38,linkedin,text,18-24,female,india,9013,251,35.43,2.82,2.78,1
225,camp-ns832e,37257,38,google,carousel,55+,all,uk,48602,1545,130.45,0.77,3.18,1
226,camp-jx5td4,2427,28,instagram,image,18-24,all,canada,37342,79,1538.61,0.06,0.21,0
227,camp-4k1j6f,40872,45,google,text,55+,female,canada,25059,3124,61.31,1.63,12.47,1
228,camp-p8hqma,40645,29,instagram,text,45-54,all,canada,27725,898,68.21,1.47,3.24,1
229,camp-bsi9nb,297,7,linkedin,story,45-54,all,canada,36225,4877,12196.97,0.01,13.46,1
230,camp-74x2ek,23609,22,instagram,story,55+,all,india,6781,226,28.72,3.48,3.33,1
231,camp-3zezqa,34798,13,youtube,story,35-44,male,us,40613,1210,116.71,0.86,2.98,1
232,camp-cj4t0s,44642,12,facebook,image,18-24,female,india,11382,4899,25.5,3.92,43.04,1
233,camp-ekkbp2,15187,42,facebook,image,18-24,male,canada,19227,4838,126.6,0.79,25.16,1
234,camp-qd6vas,22771,40,linkedin,carousel,45-54,female,india,23768,2179,104.38,0.96,9.17,1
235,camp-ifpwio,25284,8,youtube,story,55+,female,canada,2961,2680,11.71,8.54,90.51,1
236,camp-xd9css,27948,10,google,text,18-24,all,germany,18849,2886,67.44,1.48,15.31,1
237,camp-9toqw9,42207,25,youtube,video,18-24,female,us,49452,2807,117.17,0.85,5.68,1
238,camp-ja2m0w,20766,49,facebook,carousel,35-44,male,germany,15244,704,73.41,1.36,4.62,1
239,camp-10lbt3,44457,28,facebook,image,25-34,male,uk,5001,2545,11.25,8.89,50.89,1
240,camp-g2qzw3,15808,48,youtube,carousel,45-54,male,india,40916,2371,258.83,0.39,5.79,1
241,camp-c1qkbh,26470,45,youtube,carousel,45-54,female,uk,28383,3282,107.23,0.93,11.56,1
242,camp-b7s9tj,49911,14,facebook,carousel,25-34,male,india,21723,4711,43.52,2.3,21.69,1
243,camp-1gm25l,2911,28,google,carousel,18-24,female,germany,48935,329,1681.04,0.06,0.67,0
244,camp-en606n,47111,15,linkedin,video,35-44,male,canada,40920,4229,86.86,1.15,10.33,1
245,camp-9rr7s2,6646,42,linkedin,story,35-44,male,canada,5615,4931,84.49,1.18,87.82,1
246,camp-0cv3tl,34854,20,youtube,text,45-54,female,india,22871,121,65.62,1.52,0.53,0
247,camp-cxlvpy,30306,27,linkedin,carousel,35-44,male,canada,25544,965,84.29,1.19,3.78,1
248,camp-mb5m9j,41206,35,facebook,carousel,25-34,all,germany,33991,4225,82.49,1.21,12.43,1
249,camp-98cwn2,11511,49,facebook,carousel,18-24,female,canada,8674,3676,75.35,1.33,42.38,1
250,camp-y8fv2b,3011,42,youtube,story,25-34,female,germany,47212,2077,1567.98,0.06,4.4,1
251,camp-c2nnuv,1834,45,youtube,image,55+,female,uk,46074,333,2512.21,0.04,0.72,0
252,camp-y8n1ut,18327,14,youtube,image,45-54,all,germany,885,3369,4.83,20.71,380.68,0
253,camp-oxie0r,8780,46,google,video,35-44,female,us,18696,1317,212.94,0.47,7.04,1
254,camp-nujjq9,19460,38,linkedin,image,55+,male,us,11874,1197,61.02,1.64,10.08,1
255,camp-k6re4q,18443,50,youtube,carousel,35-44,male,us,37385,3171,202.71,0.49,8.48,1
256,camp-6qdy4l,5859,6,instagram,carousel,18-24,male,india,3865,1430,65.97,1.52,37.0,1
257,camp-mct64z,23178,7,instagram,carousel,18-24,female,india,49448,356,213.34,0.47,0.72,0
258,camp-7w2seh,35253,58,facebook,video,18-24,male,india,2479,4235,7.03,14.22,170.84,1
259,camp-e2atn2,11211,39,linkedin,carousel,35-44,female,germany,42000,1527,374.63,0.27,3.64,1
260,camp-twdl9z,37604,10,youtube,image,55+,male,india,41936,3898,111.52,0.9,9.3,1
261,camp-s13c9x,1902,44,instagram,story,18-24,all,uk,44448,29,2336.91,0.04,0.07,0
262,camp-qym52x,8255,51,linkedin,story,55+,all,us,2657,1014,32.19,3.11,38.16,1
263,camp-g8p6be,8220,30,facebook,text,35-44,all,germany,25700,2703,312.65,0.32,10.52,1
264,camp-fflzm7,39484,33,google,image,55+,all,us,38748,828,98.14,1.02,2.14,1
265,camp-64jwte,47125,60,linkedin,carousel,35-44,female,india,32403,4447,68.76,1.45,13.72,1
266,camp-ktsg7f,47354,11,linkedin,story,35-44,male,germany,36840,2025,77.8,1.29,5.5,1
267,camp-xzv4u3,22018,56,google,image,45-54,all,canada,12041,299,54.69,1.83,2.48,1
268,camp-bbxux1,20545,53,linkedin,story,35-44,female,uk,21218,1866,103.28,0.97,8.79,1
269,camp-oxrwk8,30406,31,facebook,carousel,35-44,all,india,31149,4017,102.44,0.98,12.9,1
270,camp-r2ykcc,16746,16,facebook,story,25-34,all,india,39435,2112,235.49,0.42,5.36,1
271,camp-prhvlz,46943,42,google,text,18-24,female,uk,35969,755,76.62,1.31,2.1,1
272,camp-049enu,31165,43,youtube,text,45-54,female,uk,31466,770,100.97,0.99,2.45,1
273,camp-lqjidk,25299,24,instagram,story,45-54,male,canada,5630,3736,22.25,4.49,66.36,1
274,camp-nwi5fl,42076,13,youtube,image,45-54,male,india,7104,1239,16.88,5.92,17.44,1
275,camp-ul1rsr,16471,25,linkedin,image,25-34,all,india,24140,4930,146.56,0.68,20.42,1
276,camp-la8s8h,11935,3,instagram,image,35-44,all,us,40437,2214,338.81,0.3,5.48,1
277,camp-mbr5xq,46036,48,google,story,18-24,male,germany,15873,1907,34.48,2.9,12.01,1
278,camp-t4p501,2149,39,google,image,55+,male,germany,46065,1565,2143.56,0.05,3.4,1
279,camp-nouhtc,31716,23,instagram,carousel,35-44,female,us,37391,1219,117.89,0.85,3.26,1
280,camp-s1k9ye,38291,28,facebook,text,25-34,male,germany,15389,4602,40.19,2.49,29.9,1
281,camp-9o2m71,47457,48,instagram,carousel,35-44,male,uk,3541,1358,7.46,13.4,38.35,1
282,camp-hssbel,21032,38,linkedin,image,35-44,all,germany,756,3840,3.59,27.82,507.94,0
283,camp-rqvslw,29955,56,facebook,carousel,25-34,male,germany,32007,1461,106.85,0.94,4.56,1
284,camp-f90km3,7258,25,google,image,45-54,all,us,15778,3986,217.39,0.46,25.26,1
285,camp-tzk3ny,43116,59,instagram,story,45-54,male,canada,7047,1417,16.34,6.12,20.11,1
286,camp-9v20ya,7500,3,youtube,carousel,18-24,female,germany,38051,2854,507.35,0.2,7.5,1
287,camp-r821uz,42742,56,youtube,story,18-24,male,germany,38573,4857,90.25,1.11,12.59,1
288,camp-vgww4f,15251,57,linkedin,story,45-54,male,canada,25213,4929,165.32,0.6,19.55,1
289,camp-yb8dal,1254,53,youtube,video,55+,male,us,17768,1429,1416.91,0.07,8.04,1
290,camp-fyo175,4599,42,instagram,image,35-44,all,canada,22022,4379,478.84,0.21,19.88,1
291,camp-0cehlx,6395,17,instagram,text,55+,female,us,18281,4475,285.86,0.35,24.48,1
292,camp-slg6mm,12283,23,youtube,image,35-44,male,uk,39669,4294,322.96,0.31,10.82,1
293,camp-1zxyvg,29399,49,instagram,text,45-54,all,us,12176,3063,41.42,2.41,25.16,1
294,camp-iui9kk,12974,11,linkedin,image,18-24,female,uk,23645,3072,182.25,0.55,12.99,1
295,camp-hzlm72,32811,55,facebook,story,18-24,all,uk,40683,556,123.99,0.81,1.37,0
296,camp-jeyn93,5639,11,linkedin,carousel,55+,all,us,12168,356,215.78,0.46,2.93,1
297,camp-82kkzm,42505,12,linkedin,carousel,18-24,female,india,3367,1564,7.92,12.62,46.45,1
298,camp-pjrht7,48454,54,instagram,video,45-54,male,us,45030,3501,92.93,1.08,7.77,1
299,camp-zewviy,2657,59,facebook,text,55+,all,germany,44165,1041,1662.21,0.06,2.36,1
300,camp-twbozd,38460,55,instagram,text,35-44,all,germany,43208,2687,112.35,0.89,6.22,1
301,camp-1at7o7,16582,28,google,text,18-24,male,india,47681,4475,287.55,0.35,9.39,1
302,camp-5rh8lx,2300,43,instagram,story,25-34,male,uk,49366,4776,2146.35,0.05,9.67,1
303,camp-6dut07,47040,37,instagram,text,18-24,female,india,39878,2554,84.77,1.18,6.4,1
304,camp-6g5g79,3061,54,instagram,carousel,35-44,female,germany,15554,1780,508.13,0.2,11.44,1
305,camp-or7875,47075,27,facebook,story,55+,female,india,3107,4995,6.6,15.15,160.77,1
306,camp-aud9k9,21457,28,instagram,image,35-44,male,us,26710,76,124.48,0.8,0.28,0
307,camp-tr74qg,12069,13,facebook,text,25-34,all,india,37246,4327,308.61,0.32,11.62,1
308,camp-efqjg0,2969,40,youtube,text,45-54,all,uk,452,3320,15.22,6.57,734.51,1
309,camp-2u1g46,46860,4,google,image,18-24,female,us,8655,2350,18.47,5.41,27.15,1
310,camp-3sdygf,28743,9,facebook,text,55+,male,canada,15811,2774,55.01,1.82,17.54,1
311,camp-liji18,24836,20,youtube,image,45-54,all,germany,27093,2263,109.09,0.92,8.35,1
312,camp-k0axyc,38567,29,facebook,story,35-44,female,germany,33685,3230,87.34,1.14,9.59,1
313,camp-elos6z,23428,36,facebook,carousel,55+,all,india,13829,2117,59.03,1.69,15.31,1
314,camp-le6kwh,25976,29,google,image,45-54,all,us,15205,393,58.53,1.71,2.58,1
315,camp-ef0vot,21395,19,linkedin,video,55+,male,canada,41028,1109,191.76,0.52,2.7,1
316,camp-qtxhi1,4087,45,linkedin,image,25-34,male,us,33182,4363,811.89,0.12,13.15,1
317,camp-5cqzcu,22499,46,facebook,text,25-34,all,germany,23901,611,106.23,0.94,2.56,1
318,camp-ctsufl,46314,53,instagram,story,18-24,female,us,15416,2776,33.29,3.0,18.01,1
319,camp-sehuds,34086,56,youtube,story,18-24,male,canada,28458,3999,83.49,1.2,14.05,1
320,camp-3qsqcq,20980,26,instagram,image,25-34,all,india,6621,673,31.56,3.17,10.16,1
321,camp-30o30u,4835,27,instagram,carousel,55+,male,uk,49781,3678,1029.6,0.1,7.39,1
322,camp-bmc97c,44164,9,facebook,video,25-34,male,us,14067,31,31.85,3.14,0.22,0
323,camp-7bo119,4655,54,facebook,story,18-24,male,uk,39286,1401,843.95,0.12,3.57,1
324,camp-xp9n56,42014,8,facebook,text,25-34,all,germany,4200,4072,10.0,10.0,96.95,1
325,camp-nyxtxm,40918,55,facebook,text,25-34,female,india,45883,617,112.13,0.89,1.34,0
326,camp-gtt0ia,45625,26,linkedin,carousel,55+,female,india,19473,4635,42.68,2.34,23.8,1
327,camp-akytt3,19930,35,facebook,story,45-54,female,us,4187,2787,21.01,4.76,66.56,1
328,camp-imj70e,17529,51,linkedin,image,18-24,male,india,30042,871,171.38,0.58,2.9,1
329,camp-3p15ah,6993,31,linkedin,text,55+,all,us,45054,4197,644.27,0.16,9.32,1
330,camp-dbvzb0,14473,45,facebook,carousel,25-34,male,us,28952,3605,200.04,0.5,12.45,1
331,camp-oih5cs,47433,24,google,story,25-34,female,uk,49654,1413,104.68,0.96,2.85,1
332,camp-k30lvy,3536,28,youtube,story,45-54,female,india,44971,2740,1271.8,0.08,6.09,1
333,camp-lkfxhk,8854,30,instagram,story,18-24,all,us,13883,941,156.8,0.64,6.78,1
334,camp-c856wp,10777,52,linkedin,story,18-24,male,uk,1431,341,13.28,7.53,23.83,1
335,camp-r97y2l,5995,23,youtube,story,35-44,female,canada,8204,2909,136.85,0.73,35.46,1
336,camp-ofn1r4,19838,51,google,text,18-24,all,uk,34285,4134,172.82,0.58,12.06,1
337,camp-kz36u8,30846,9,instagram,carousel,45-54,male,uk,13489,660,43.73,2.29,4.89,1
338,camp-ueihx7,49477,19,instagram,story,35-44,male,us,19172,2034,38.75,2.58,10.61,1
339,camp-4d0gjy,48504,22,linkedin,video,35-44,female,germany,24006,1561,49.49,2.02,6.5,1
340,camp-v5g10u,32452,43,facebook,video,25-34,female,germany,17314,3458,53.35,1.87,19.97,1
341,camp-r5l8a7,39890,51,google,carousel,25-34,male,germany,44824,1657,112.37,0.89,3.7,1
342,camp-8e9riv,42019,22,linkedin,image,18-24,male,uk,3199,2976,7.61,13.14,93.03,1
343,camp-h6t1nt,5700,56,google,image,35-44,female,us,24710,1050,433.51,0.23,4.25,1
344,camp-mjsrd9,29224,24,facebook,image,25-34,male,india,40710,454,139.3,0.72,1.12,0
345,camp-q46nou,27743,30,facebook,video,45-54,female,uk,20578,1705,74.17,1.35,8.29,1
346,camp-hfj7up,40864,42,linkedin,image,25-34,male,uk,48954,2785,119.8,0.83,5.69,1
347,camp-fln4rx,9107,51,facebook,text,25-34,female,us,1218,819,13.37,7.48,67.24,1
348,camp-yj38xr,45814,9,youtube,story,35-44,all,canada,45174,4869,98.6,1.01,10.78,1
349,camp-g2gzr7,37510,3,instagram,video,35-44,female,uk,35947,13,95.83,1.04,0.04,0
350,camp-txcb48,44180,34,linkedin,carousel,55+,female,canada,15082,3980,34.14,2.93,26.39,1
351,camp-y1o4iz,40547,15,google,carousel,45-54,all,canada,35344,921,87.17,1.15,2.61,1
352,camp-asnwyw,8308,32,youtube,story,35-44,male,germany,43877,4921,528.13,0.19,11.22,1
353,camp-rratat,18689,25,linkedin,video,18-24,all,us,3566,2419,19.08,5.24,67.84,1
354,camp-j9a3y3,43584,53,facebook,image,45-54,female,canada,19801,1315,45.43,2.2,6.64,1
355,camp-6ddfgs,17553,58,facebook,image,45-54,male,us,30423,3678,173.32,0.58,12.09,1
356,camp-3jonou,36312,21,facebook,text,35-44,all,germany,30320,2018,83.5,1.2,6.66,1
357,camp-9iy4x4,43625,34,facebook,text,45-54,male,us,10436,1229,23.92,4.18,11.78,1
358,camp-1dntca,47302,32,google,image,35-44,male,uk,36373,4793,76.9,1.3,13.18,1
359,camp-grp2u4,32735,31,youtube,carousel,25-34,all,canada,48830,2435,149.17,0.67,4.99,1
360,camp-dtbh55,33928,51,instagram,carousel,55+,male,us,14207,2869,41.87,2.39,20.19,1
361,camp-rbc76u,18811,47,google,text,25-34,all,india,37929,2516,201.63,0.5,6.63,1
362,camp-b7l8v1,3520,31,google,story,35-44,female,us,39570,1439,1124.15,0.09,3.64,1
363,camp-zocfi4,31316,32,instagram,image,35-44,male,canada,49647,4165,158.54,0.63,8.39,1
364,camp-o6l1f9,401,18,instagram,text,25-34,female,germany,39182,3544,9771.07,0.01,9.04,1
365,camp-0s9bp4,45336,42,facebook,text,18-24,female,germany,3676,3176,8.11,12.33,86.4,1
366,camp-m18o1b,49858,21,google,image,18-24,male,canada,20450,1782,41.02,2.44,8.71,1
367,camp-j9rm7p,799,20,linkedin,image,18-24,all,uk,36693,2264,4592.37,0.02,6.17,1
368,camp-yxdw2z,290,3,instagram,carousel,35-44,male,uk,38315,1970,13212.07,0.01,5.14,1
369,camp-cfzw0l,10592,16,instagram,story,45-54,female,germany,16029,212,151.33,0.66,1.32,0
370,camp-dalmje,35843,53,youtube,story,35-44,female,germany,11579,508,32.3,3.1,4.39,1
371,camp-gqtoam,6202,49,linkedin,image,45-54,all,canada,16695,332,269.19,0.37,1.99,0
372,camp-dvlnkn,19878,52,linkedin,video,25-34,male,uk,26474,551,133.18,0.75,2.08,1
373,camp-d669ug,26741,4,instagram,text,55+,female,germany,13432,942,50.23,1.99,7.01,1
374,camp-nekrcp,34684,56,facebook,text,45-54,female,uk,4075,728,11.75,8.51,17.87,1
375,camp-prcjiw,32845,30,youtube,image,18-24,female,germany,43276,4976,131.76,0.76,11.5,1
376,camp-vhdk8l,23193,51,linkedin,video,35-44,all,us,13894,2863,59.91,1.67,20.61,1
377,camp-w2lm34,669,52,instagram,carousel,25-34,female,india,4225,3244,631.54,0.16,76.78,1
378,camp-9el8hl,38310,32,linkedin,image,18-24,female,us,30569,649,79.79,1.25,2.12,1
379,camp-88kzru,34763,40,youtube,image,25-34,male,germany,9224,2738,26.53,3.77,29.68,1
380,camp-in3oeu,36731,53,youtube,text,55+,male,india,3493,2748,9.51,10.52,78.67,1
381,camp-vtyt8q,45781,6,google,image,35-44,female,india,21445,1010,46.84,2.13,4.71,1
382,camp-zpky32,7555,3,instagram,image,35-44,female,germany,10775,1551,142.62,0.7,14.39,1
383,camp-orwixz,4114,10,youtube,image,55+,male,germany,33511,804,814.56,0.12,2.4,1
384,camp-2c9ros,11193,31,google,text,35-44,all,uk,41165,4081,367.77,0.27,9.91,1
385,camp-7yt2m6,18170,57,google,carousel,45-54,all,germany,44598,4310,245.45,0.41,9.66,1
386,camp-twd1xm,35877,41,linkedin,carousel,25-34,all,canada,31401,4265,87.52,1.14,13.58,1
387,camp-xb9yo1,16638,5,linkedin,image,18-24,all,germany,18246,3402,109.66,0.91,18.65,1
388,camp-8pajss,10829,34,google,text,55+,all,canada,46659,4242,430.87,0.23,9.09,1
389,camp-uuqo1v,34277,12,linkedin,carousel,45-54,all,germany,14304,4612,41.73,2.4,32.24,1
390,camp-smado8,45117,12,youtube,carousel,18-24,all,uk,14071,3162,31.19,3.21,22.47,1
391,camp-e7flqh,884,21,facebook,carousel,18-24,all,canada,46186,4549,5224.66,0.02,9.85,1
392,camp-rrpzlk,27851,48,youtube,text,55+,male,us,5774,4156,20.73,4.82,71.98,1
393,camp-3e4xyf,40964,36,google,text,45-54,all,canada,28740,528,70.16,1.43,1.84,0
394,camp-9igfu8,40428,35,google,image,18-24,all,uk,1457,3299,3.6,27.75,226.42,0
395,camp-iogxpb,12633,25,youtube,story,18-24,all,canada,8082,1024,63.98,1.56,12.67,1
396,camp-whvnzh,40211,57,linkedin,carousel,45-54,female,germany,47390,3735,117.85,0.85,7.88,1
397,camp-13cd5g,40074,30,linkedin,story,35-44,male,germany,17844,433,44.53,2.25,2.43,1
398,camp-lqj5sx,5901,34,google,text,18-24,male,uk,19931,1177,337.76,0.3,5.91,1
399,camp-vwvm4w,19290,52,instagram,text,25-34,male,india,20806,401,107.86,0.93,1.93,0
400,camp-3zkwde,49789,9,linkedin,text,45-54,all,germany,40212,2105,80.76,1.24,5.23,1
401,camp-ekgysp,38854,31,youtube,story,18-24,all,us,29466,3051,75.84,1.32,10.35,1
402,camp-engwyx,29692,10,linkedin,text,55+,female,uk,49753,2234,167.56,0.6,4.49,1
403,camp-9trflq,10747,3,youtube,image,25-34,male,canada,44404,2446,413.18,0.24,5.51,1
404,camp-bmae38,8816,59,google,text,18-24,all,canada,25802,4701,292.67,0.34,18.22,1
405,camp-sryo4r,23455,57,linkedin,video,25-34,male,us,12976,2836,55.32,1.81,21.86,1
406,camp-cb1kjt,22109,5,youtube,story,25-34,female,germany,33815,2514,152.95,0.65,7.43,1
407,camp-gq01te,24476,26,google,video,35-44,female,uk,14440,1774,59.0,1.7,12.29,1
408,camp-e13n3b,45191,25,instagram,text,25-34,female,us,38917,1097,86.12,1.16,2.82,1
409,camp-zt9d31,4880,10,youtube,image,35-44,male,germany,21989,929,450.59,0.22,4.22,1
410,camp-k9qm3p,2468,56,instagram,carousel,45-54,all,uk,27357,1952,1108.47,0.09,7.14,1
411,camp-91i3vm,12139,59,instagram,text,35-44,all,canada,30878,1974,254.37,0.39,6.39,1
412,camp-zwffhh,6755,49,facebook,image,55+,female,uk,28563,1555,422.84,0.24,5.44,1
413,camp-cmktlz,41041,39,linkedin,story,18-24,all,india,24552,2779,59.82,1.67,11.32,1
414,camp-kj49yd,4595,5,youtube,video,45-54,female,uk,30113,4422,655.34,0.15,14.68,1
415,camp-82795e,10993,53,instagram,video,45-54,male,india,22536,995,205.0,0.49,4.42,1
416,camp-5iz31y,25647,35,facebook,video,55+,female,uk,46327,613,180.63,0.55,1.32,0
417,camp-rujoqw,22486,30,google,story,35-44,male,india,38308,2594,170.36,0.59,6.77,1
418,camp-5dsk7n,13503,49,youtube,image,18-24,female,canada,31742,596,235.07,0.43,1.88,0
419,camp-8la100,32197,10,instagram,story,35-44,all,germany,38434,842,119.37,0.84,2.19,1
420,camp-qxmcth,13221,36,linkedin,video,25-34,all,india,16008,4440,121.08,0.83,27.74,1
421,camp-phj3mu,11066,37,facebook,text,35-44,female,india,35066,859,316.88,0.32,2.45,1
422,camp-urmybd,33721,34,instagram,carousel,45-54,all,canada,17282,445,51.25,1.95,2.57,1
423,camp-2qe4pa,28412,26,linkedin,story,18-24,all,india,10798,1789,38.01,2.63,16.57,1
424,camp-8hyexf,49826,16,instagram,story,35-44,all,us,10564,4318,21.2,4.72,40.87,1
425,camp-7jxjn6,22777,34,youtube,image,18-24,male,canada,22788,3455,100.05,1.0,15.16,1
426,camp-fokzix,31389,58,youtube,image,18-24,all,us,8745,3953,27.86,3.59,45.2,1
427,camp-zareiy,31124,48,youtube,story,25-34,male,canada,8120,4688,26.09,3.83,57.73,1
428,camp-az39pe,42775,45,facebook,video,25-34,female,india,27815,1031,65.03,1.54,3.71,1
429,camp-cn0dl5,4877,18,youtube,carousel,45-54,all,us,41712,1296,855.28,0.12,3.11,1
430,camp-e11e9f,29849,6,linkedin,image,55+,all,india,30811,2064,103.22,0.97,6.7,1
431,camp-taxp0w,15438,54,instagram,video,18-24,all,canada,16748,1448,108.49,0.92,8.65,1
432,camp-foy4dd,2591,39,google,text,55+,female,india,15173,2046,585.6,0.17,13.48,1
433,camp-1vn8lf,27336,56,linkedin,image,45-54,male,us,35194,4620,128.75,0.78,13.13,1
434,camp-jdtvv2,48196,23,linkedin,video,18-24,male,us,25666,2851,53.25,1.88,11.11,1
435,camp-y4xkss,14699,16,youtube,video,18-24,all,india,37196,3825,253.05,0.4,10.28,1
436,camp-0kb68r,19608,33,facebook,carousel,55+,female,uk,11232,2069,57.28,1.75,18.42,1
437,camp-ervt99,3151,57,instagram,carousel,35-44,female,canada,24883,3762,789.69,0.13,15.12,1
438,camp-7e4uny,48847,50,facebook,text,25-34,female,canada,33392,2276,68.36,1.46,6.82,1
439,camp-181acj,49256,20,instagram,video,35-44,female,india,31381,1809,63.71,1.57,5.76,1
440,camp-bc2sws,21706,9,instagram,video,55+,female,uk,46148,1312,212.6,0.47,2.84,1
441,camp-ozctwj,21799,12,facebook,carousel,25-34,male,us,26178,4056,120.09,0.83,15.49,1
442,camp-lsh3to,976,9,linkedin,image,35-44,male,germany,31606,2452,3238.32,0.03,7.76,1
443,camp-w4ycz0,32193,35,instagram,image,25-34,male,germany,22019,1090,68.4,1.46,4.95,1
444,camp-4cdpqv,4242,25,facebook,story,18-24,all,india,21926,1673,516.88,0.19,7.63,1
445,camp-l00ezz,15302,23,instagram,carousel,35-44,female,uk,8999,3676,58.81,1.7,40.85,1
446,camp-f8s2zg,39834,21,google,story,25-34,all,uk,24568,4533,61.68,1.62,18.45,1
447,camp-e2j51b,7179,50,linkedin,carousel,25-34,female,canada,5720,4925,79.68,1.26,86.1,1
448,camp-3jczuc,8087,21,youtube,text,25-34,male,us,24149,4355,298.62,0.33,18.03,1
449,camp-qmrunj,39667,38,instagram,video,35-44,all,uk,39385,2004,99.29,1.01,5.09,1
450,camp-du0isb,29040,31,google,text,45-54,male,germany,12766,4199,43.96,2.27,32.89,1
451,camp-5iqnf7,37333,20,youtube,carousel,35-44,female,us,38935,4865,104.29,0.96,12.5,1
452,camp-4t60pl,17119,4,youtube,video,55+,female,us,7887,1125,46.07,2.17,14.26,1
453,camp-ozjcns,46285,3,instagram,image,35-44,female,india,49405,1222,106.74,0.94,2.47,1
454,camp-6g298c,18177,49,facebook,image,25-34,male,uk,47349,2861,260.49,0.38,6.04,1
455,camp-qk4lta,26358,7,instagram,story,18-24,female,india,19209,2274,72.88,1.37,11.84,1
456,camp-hukwqv,21236,22,google,carousel,35-44,male,uk,41316,2991,194.56,0.51,7.24,1
457,camp-r1h61i,8411,13,youtube,carousel,35-44,all,canada,36927,2511,439.03,0.23,6.8,1
458,camp-aoim45,17314,44,instagram,image,25-34,female,india,21610,237,124.81,0.8,1.1,0
459,camp-8ax40d,14198,4,facebook,text,18-24,female,india,17156,1145,120.83,0.83,6.67,1
460,camp-tirc9z,28351,5,instagram,video,18-24,female,germany,46339,3254,163.45,0.61,7.02,1
461,camp-d76szn,38045,25,linkedin,text,55+,all,india,8770,3783,23.05,4.34,43.14,1
462,camp-9dde3c,47130,57,facebook,text,35-44,female,uk,37711,767,80.01,1.25,2.03,1
463,camp-up8ijl,26045,14,google,image,18-24,male,germany,49545,2682,190.23,0.53,5.41,1
464,camp-2z0ljc,25416,22,youtube,image,18-24,male,india,28412,2666,111.79,0.89,9.38,1
465,camp-h2vffq,32317,7,instagram,image,45-54,female,india,28308,1760,87.59,1.14,6.22,1
466,camp-ot8hlj,8408,39,facebook,story,45-54,female,canada,21832,3492,259.66,0.39,15.99,1
467,camp-efy3zb,6049,40,linkedin,text,18-24,all,india,41218,2816,681.4,0.15,6.83,1
468,camp-4ldims,1250,32,facebook,carousel,55+,all,us,21170,3514,1693.6,0.06,16.6,1
469,camp-yj9boq,24044,11,linkedin,video,18-24,all,germany,19840,496,82.52,1.21,2.5,1
470,camp-0iq2fa,34799,36,google,story,25-34,female,us,27962,3181,80.35,1.24,11.38,1
471,camp-39e3nw,9304,55,youtube,carousel,35-44,all,germany,47424,3931,509.72,0.2,8.29,1
472,camp-xuj3ac,1181,46,google,text,55+,all,canada,42957,2073,3637.34,0.03,4.83,1
473,camp-6pe63l,29405,37,instagram,image,25-34,male,india,34862,338,118.56,0.84,0.97,0
474,camp-bqgu3o,16996,54,facebook,text,55+,all,india,49620,3950,291.95,0.34,7.96,1
475,camp-byghgk,46275,60,linkedin,video,25-34,male,india,36210,3109,78.25,1.28,8.59,1
476,camp-5bwiko,7905,24,linkedin,story,35-44,male,germany,19206,1818,242.96,0.41,9.47,1
477,camp-tckeh5,5337,46,facebook,story,35-44,all,india,10722,137,200.9,0.5,1.28,0
478,camp-sw2292,49811,26,facebook,video,45-54,male,us,14494,2556,29.1,3.44,17.63,1
479,camp-mtr6sn,20156,19,instagram,carousel,25-34,female,india,6834,4416,33.91,2.95,64.62,1
480,camp-glh62c,45643,12,google,carousel,45-54,female,canada,17979,916,39.39,2.54,5.09,1
481,camp-9t199d,49112,32,linkedin,story,25-34,all,us,1120,3539,2.28,43.85,315.98,0
482,camp-xj37c9,46052,58,instagram,story,45-54,female,india,22956,2101,49.85,2.01,9.15,1
483,camp-h42m44,3443,48,google,image,35-44,male,india,34668,2908,1006.91,0.1,8.39,1
484,camp-gv3z6b,13600,25,instagram,carousel,55+,female,uk,45208,2915,332.41,0.3,6.45,1
485,camp-z8uug9,29475,34,linkedin,video,45-54,all,germany,2989,1983,10.14,9.86,66.34,1
486,camp-5rlrdi,9762,19,facebook,carousel,25-34,all,us,29891,3871,306.2,0.33,12.95,1
487,camp-hsa7he,17064,52,facebook,image,25-34,male,uk,42913,4529,251.48,0.4,10.55,1
488,camp-z74lav,47993,53,google,story,35-44,all,canada,16351,3568,34.07,2.94,21.82,1
489,camp-71448n,8230,19,youtube,story,25-34,female,germany,7244,999,88.02,1.14,13.79,1
490,camp-7odkef,19631,16,google,image,18-24,all,us,5901,2148,30.06,3.33,36.4,1
491,camp-828xg8,1779,11,youtube,video,55+,male,india,16428,4695,923.44,0.11,28.58,1
492,camp-y72ivg,3606,42,instagram,story,45-54,all,us,728,396,20.19,4.95,54.4,1
493,camp-lye088,13384,4,instagram,text,55+,female,india,30690,3599,229.3,0.44,11.73,1
494,camp-o98bv7,7353,47,linkedin,story,35-44,male,germany,33806,4511,459.76,0.22,13.34,1
495,camp-8hu7f0,19228,27,youtube,text,45-54,female,india,29827,939,155.12,0.64,3.15,1
496,camp-i9g5dz,28032,41,linkedin,image,45-54,male,canada,26233,1637,93.58,1.07,6.24,1
497,camp-x5qjic,9535,11,facebook,image,18-24,all,india,27495,2725,288.36,0.35,9.91,1
498,camp-jdan08,44178,56,youtube,story,35-44,male,canada,1552,2511,3.51,28.47,161.79,0
499,camp-5rntdr,13396,24,google,carousel,25-34,male,germany,21715,4637,162.1,0.62,21.35,1
500,camp-5xyfc4,30545,45,facebook,text,18-24,all,germany,16248,1650,53.19,1.88,10.16,1
501,camp-kl8cgn,13345,48,facebook,video,18-24,female,us,21461,3691,160.82,0.62,17.2,1
502,camp-0t6dvw,29224,6,google,story,55+,all,canada,15917,3436,54.47,1.84,21.59,1
503,camp-rb7f6f,29999,28,facebook,video,55+,male,canada,14316,3202,47.72,2.1,22.37,1
504,camp-dhgzz0,44019,60,youtube,story,55+,all,uk,39472,4180,89.67,1.12,10.59,1
505,camp-jkibu4,43325,31,linkedin,carousel,18-24,male,uk,35258,4367,81.38,1.23,12.39,1
506,camp-fmpkxv,35347,47,facebook,carousel,25-34,all,uk,43052,2292,121.8,0.82,5.32,1
507,camp-hagkc4,29322,36,youtube,carousel,45-54,all,india,31263,4484,106.62,0.94,14.34,1
508,camp-lorxdt,26311,25,instagram,carousel,55+,female,uk,7417,214,28.19,3.55,2.89,1
509,camp-g5nqjq,37320,39,youtube,image,25-34,male,canada,13540,3238,36.28,2.76,23.91,1
510,camp-ijc1yd,26746,13,linkedin,image,35-44,female,india,35412,3863,132.4,0.76,10.91,1
511,camp-mt8vt4,38749,8,youtube,text,55+,male,germany,38335,59,98.93,1.01,0.15,0
512,camp-3pt5r5,23149,20,google,video,45-54,all,us,9269,2931,40.04,2.5,31.62,1
513,camp-rc6zs6,14169,23,linkedin,story,35-44,male,uk,6360,4939,44.89,2.23,77.66,1
514,camp-2ywe1g,32680,44,instagram,story,35-44,female,germany,36357,2972,111.25,0.9,8.17,1
515,camp-983ep9,31943,38,google,image,45-54,female,canada,29681,1528,92.92,1.08,5.15,1
516,camp-p9w4j6,2949,43,youtube,story,55+,female,us,14794,123,501.66,0.2,0.83,0
517,camp-6cnolj,40258,40,linkedin,image,18-24,male,germany,19917,3720,49.47,2.02,18.68,1
518,camp-q52wsp,23389,36,instagram,text,45-54,female,us,18675,1437,79.85,1.25,7.69,1
519,camp-ofv177,44790,19,google,video,45-54,female,uk,6428,1163,14.35,6.97,18.09,1
520,camp-udktmo,35357,39,instagram,text,45-54,female,canada,19199,3301,54.3,1.84,17.19,1
521,camp-nrvbjf,9923,27,youtube,carousel,35-44,all,us,42183,3346,425.1,0.24,7.93,1
522,camp-vyb6li,42075,40,instagram,carousel,25-34,all,germany,11472,2487,27.27,3.67,21.68,1
523,camp-076a3k,9640,60,facebook,carousel,18-24,male,uk,27976,562,290.21,0.34,2.01,1
524,camp-krzd5e,16464,14,google,text,55+,male,uk,37729,3982,229.16,0.44,10.55,1
525,camp-9p3jpx,4711,25,instagram,story,55+,female,germany,33221,1738,705.18,0.14,5.23,1
526,camp-gh3015,27763,55,youtube,video,25-34,all,germany,13230,905,47.65,2.1,6.84,1
527,camp-3sflse,38746,44,youtube,carousel,45-54,female,us,27351,3555,70.59,1.42,13.0,1
528,camp-45bg34,31077,24,instagram,carousel,18-24,female,india,36981,4491,119.0,0.84,12.14,1
529,camp-iq7zj3,29268,23,youtube,carousel,55+,all,uk,24064,1727,82.22,1.22,7.18,1
530,camp-swebnv,49215,29,linkedin,video,55+,all,us,49289,2924,100.15,1.0,5.93,1
531,camp-g5vmf6,25571,59,linkedin,carousel,45-54,all,germany,30986,3532,121.18,0.83,11.4,1
532,camp-0yknfu,22787,33,linkedin,video,25-34,male,us,14386,3907,63.13,1.58,27.16,1
533,camp-84xyjo,951,8,facebook,carousel,18-24,male,germany,22250,935,2339.64,0.04,4.2,1
534,camp-a21a6x,18171,29,instagram,text,25-34,female,canada,5520,75,30.38,3.29,1.36,0
535,camp-vaj2k8,6933,42,facebook,text,25-34,male,germany,30909,295,445.82,0.22,0.95,0
536,camp-xpnmjq,12038,36,youtube,video,18-24,all,germany,15003,21,124.63,0.8,0.14,0
537,camp-y3odsx,35295,14,facebook,text,18-24,all,germany,39094,3243,110.76,0.9,8.3,1
538,camp-4nxvkd,26244,47,youtube,video,55+,male,india,38557,1039,146.92,0.68,2.69,1
539,camp-c9x5jz,4100,59,youtube,text,55+,female,germany,27483,4656,670.32,0.15,16.94,1
540,camp-6kf162,5152,55,google,text,18-24,female,uk,26007,1110,504.79,0.2,4.27,1
541,camp-2vxyzx,35606,9,linkedin,video,35-44,male,uk,6573,3772,18.46,5.42,57.39,1
542,camp-9jpnbz,28174,12,youtube,story,55+,female,us,21437,372,76.09,1.31,1.74,0
543,camp-ug0it2,38255,47,google,text,35-44,female,india,47811,4914,124.98,0.8,10.28,1
544,camp-6ys445,40870,19,linkedin,carousel,18-24,female,us,31219,1175,76.39,1.31,3.76,1
545,camp-gdej31,32420,28,youtube,story,55+,all,uk,45691,1165,140.93,0.71,2.55,1
546,camp-gymdm0,38404,23,youtube,video,25-34,all,uk,23040,1093,59.99,1.67,4.74,1
547,camp-l2ljk4,46347,30,facebook,story,18-24,male,canada,29711,1284,64.11,1.56,4.32,1
548,camp-q5v7c6,4013,60,facebook,image,45-54,all,germany,13469,2012,335.63,0.3,14.94,1
549,camp-s5nkb4,17550,48,linkedin,image,35-44,female,uk,14507,846,82.66,1.21,5.83,1
550,camp-ehou6q,24207,4,youtube,text,18-24,all,us,2114,1992,8.73,11.45,94.23,1
551,camp-lz2rwg,20864,56,instagram,text,18-24,male,us,38133,521,182.77,0.55,1.37,0
552,camp-waj1g1,43504,45,facebook,carousel,55+,all,germany,10616,4467,24.4,4.1,42.08,1
553,camp-r1dwwo,20591,3,linkedin,story,55+,female,germany,33135,4197,160.92,0.62,12.67,1
554,camp-8nbhna,38594,53,youtube,image,55+,female,canada,31578,4757,81.82,1.22,15.06,1
555,camp-l3gywi,3473,55,youtube,text,45-54,male,india,6180,243,177.94,0.56,3.93,1
556,camp-ymenvg,12261,38,instagram,story,55+,all,us,40237,2801,328.17,0.3,6.96,1
557,camp-3kk0vm,32096,53,linkedin,text,18-24,all,germany,2092,4608,6.52,15.34,220.27,1
558,camp-59m6mg,27222,28,youtube,text,55+,all,us,4648,2897,17.07,5.86,62.33,1
559,camp-87oi0e,34950,31,facebook,image,25-34,female,germany,43032,2603,123.12,0.81,6.05,1
560,camp-0vgnxb,27450,23,instagram,image,55+,male,uk,32936,2274,119.99,0.83,6.9,1
561,camp-5jtb9x,27572,13,linkedin,text,45-54,all,us,33527,1542,121.6,0.82,4.6,1
562,camp-xaypnt,28861,42,instagram,video,25-34,female,uk,48675,2766,168.65,0.59,5.68,1
563,camp-rfzwkx,25451,13,facebook,text,18-24,female,us,28766,2115,113.03,0.88,7.35,1
564,camp-xjve3d,23232,38,linkedin,text,18-24,female,india,12651,4492,54.46,1.84,35.51,1
565,camp-zeedhh,49149,51,instagram,carousel,35-44,all,canada,36068,4708,73.39,1.36,13.05,1
566,camp-jshzkb,15405,41,google,carousel,25-34,all,uk,8111,3084,52.65,1.9,38.02,1
567,camp-rh7lay,9917,42,facebook,carousel,35-44,all,germany,8659,1858,87.31,1.15,21.46,1
568,camp-64yfds,11361,37,facebook,video,25-34,all,india,35421,770,311.78,0.32,2.17,1
569,camp-0dji9k,517,56,facebook,video,25-34,all,us,44864,1423,8677.76,0.01,3.17,1
570,camp-qdgbk2,41676,36,google,text,45-54,all,uk,17535,407,42.07,2.38,2.32,1
571,camp-l0d1b4,20458,57,google,carousel,35-44,all,us,20855,2973,101.94,0.98,14.26,1
572,camp-xgmpw5,3367,49,youtube,video,45-54,all,us,7907,1873,234.84,0.43,23.69,1
573,camp-d3go8j,17309,26,instagram,image,25-34,all,us,11670,2695,67.42,1.48,23.09,1
574,camp-n42x2e,24152,56,youtube,text,18-24,female,canada,8227,2270,34.06,2.94,27.59,1
575,camp-zc7fov,38613,24,instagram,story,25-34,all,canada,30161,4750,78.11,1.28,15.75,1
576,camp-2ygnmb,26192,7,google,text,45-54,male,germany,23092,1182,88.16,1.13,5.12,1
577,camp-y49e7e,11438,58,google,story,35-44,female,uk,18695,1440,163.45,0.61,7.7,1
578,camp-objlzy,512,35,youtube,carousel,35-44,all,india,24455,3054,4776.37,0.02,12.49,1
579,camp-1uu9ym,7643,60,linkedin,story,45-54,male,india,11876,3334,155.38,0.64,28.07,1
580,camp-szdxim,40455,38,youtube,carousel,35-44,all,india,13940,2898,34.46,2.9,20.79,1
581,camp-yn4u9b,33596,49,instagram,image,55+,male,us,16942,2904,50.43,1.98,17.14,1
582,camp-xf445c,23648,22,youtube,story,18-24,male,canada,46648,229,197.26,0.51,0.49,0
583,camp-ri8bix,27484,21,facebook,text,18-24,male,uk,9534,3960,34.69,2.88,41.54,1
584,camp-oiq2q4,44525,37,instagram,carousel,18-24,male,us,5545,1894,12.45,8.03,34.16,1
585,camp-qerxdo,38856,54,instagram,text,35-44,female,canada,28531,1314,73.43,1.36,4.61,1
586,camp-uadvwk,18988,45,linkedin,video,35-44,female,canada,11317,1071,59.6,1.68,9.46,1
587,camp-shy8nb,35835,19,google,carousel,25-34,male,uk,40216,975,112.23,0.89,2.42,1
588,camp-iquwrx,47395,47,instagram,story,25-34,all,uk,6793,1739,14.33,6.98,25.6,1
589,camp-ze1hm3,48916,45,google,carousel,18-24,male,uk,37989,3286,77.66,1.29,8.65,1
590,camp-8kszbf,17606,36,youtube,text,55+,female,us,48823,758,277.31,0.36,1.55,0
591,camp-fzzdvg,20563,11,facebook,image,25-34,all,germany,49526,3096,240.85,0.42,6.25,1
592,camp-7oq2zd,18055,28,linkedin,carousel,25-34,female,uk,26619,321,147.43,0.68,1.21,0
593,camp-o74v1q,37941,4,google,story,35-44,female,germany,28602,2322,75.39,1.33,8.12,1
594,camp-x8ertb,5204,55,instagram,video,55+,all,us,45822,556,880.51,0.11,1.21,0
595,camp-74rs7g,35011,11,google,image,18-24,male,germany,43780,4940,125.05,0.8,11.28,1
596,camp-u0env5,23290,11,instagram,video,25-34,male,india,28998,1387,124.51,0.8,4.78,1
597,camp-sn961j,7457,42,google,carousel,55+,male,germany,10825,4764,145.17,0.69,44.01,1
598,camp-88qeoz,32579,19,instagram,text,55+,male,uk,3607,3048,11.07,9.03,84.5,1
599,camp-0kz4z7,44911,3,youtube,text,18-24,all,us,3637,2428,8.1,12.35,66.76,1
600,camp-whwkmy,36308,27,instagram,story,55+,all,uk,16585,2005,45.68,2.19,12.09,1
601,camp-9x8syl,20250,45,instagram,text,55+,all,india,1004,1931,4.96,20.17,192.33,0
602,camp-emruyp,5744,42,facebook,image,55+,female,uk,46612,4842,811.49,0.12,10.39,1
603,camp-04k43s,43386,44,instagram,text,25-34,all,uk,23594,4771,54.38,1.84,20.22,1
604,camp-afyh1f,47420,27,facebook,story,18-24,male,uk,33505,2164,70.66,1.42,6.46,1
605,camp-kj4yk1,3014,41,linkedin,carousel,55+,female,canada,41319,3868,1370.9,0.07,9.36,1
606,camp-b3d505,21452,37,facebook,carousel,55+,male,india,15188,2427,70.8,1.41,15.98,1
607,camp-0ui22k,46452,5,youtube,text,25-34,male,uk,42512,3794,91.52,1.09,8.92,1
608,camp-x7n89l,45012,52,facebook,video,18-24,all,uk,3177,2514,7.06,14.17,79.13,1
609,camp-tajw25,14497,39,linkedin,carousel,35-44,all,uk,23197,3804,160.01,0.62,16.4,1
610,camp-36zx1t,41655,46,youtube,text,25-34,male,us,45578,2328,109.42,0.91,5.11,1
611,camp-v18kgy,47059,46,google,story,18-24,male,canada,11609,618,24.67,4.05,5.32,1
612,camp-ggsnpu,828,53,google,text,55+,female,us,47614,2166,5750.48,0.02,4.55,1
613,camp-evjlzf,798,32,facebook,carousel,18-24,all,canada,3445,3309,431.7,0.23,96.05,1
614,camp-flb7wx,40054,40,facebook,story,18-24,female,uk,25439,993,63.51,1.57,3.9,1
615,camp-rum2lh,47380,36,linkedin,text,18-24,female,india,895,1378,1.89,52.94,153.97,0
616,camp-gcsotd,14023,14,linkedin,image,35-44,female,germany,33982,4382,242.33,0.41,12.9,1
617,camp-hhlmh1,16879,21,instagram,story,18-24,male,germany,45772,3175,271.18,0.37,6.94,1
618,camp-t939ay,7500,39,linkedin,image,35-44,female,uk,38722,4783,516.29,0.19,12.35,1
619,camp-q6ww8y,24566,46,instagram,video,55+,female,us,13781,1306,56.1,1.78,9.48,1
620,camp-l68ntk,37039,51,youtube,story,35-44,male,india,33172,4834,89.56,1.12,14.57,1
621,camp-63n2qb,4460,19,facebook,image,55+,all,canada,35635,3079,798.99,0.13,8.64,1
622,camp-6gs8g8,35370,12,youtube,carousel,55+,all,uk,3882,2687,10.98,9.11,69.22,1
623,camp-tacy15,17201,59,linkedin,carousel,35-44,female,india,32382,2984,188.26,0.53,9.21,1
624,camp-pdtz91,32407,57,youtube,video,25-34,male,india,12517,2524,38.62,2.59,20.16,1
625,camp-x70fql,5586,51,youtube,story,45-54,all,canada,41075,3583,735.32,0.14,8.72,1
626,camp-db2uui,8435,49,youtube,story,18-24,female,india,13157,1486,155.98,0.64,11.29,1
627,camp-jnwpay,21464,14,linkedin,story,45-54,female,us,12508,2101,58.27,1.72,16.8,1
628,camp-txw1vz,37359,18,youtube,video,18-24,male,us,28716,4582,76.87,1.3,15.96,1
629,camp-c7d2kd,23676,26,instagram,story,18-24,female,us,43531,3716,183.86,0.54,8.54,1
630,camp-1poxrt,31767,21,linkedin,carousel,55+,all,india,2631,2002,8.28,12.07,76.09,1
631,camp-eo2t8f,11230,10,youtube,image,18-24,male,us,9632,1388,85.77,1.17,14.41,1
632,camp-y620n8,22072,33,linkedin,carousel,18-24,all,canada,8468,3184,38.37,2.61,37.6,1
633,camp-tteavt,40519,23,google,carousel,35-44,all,india,28141,1031,69.45,1.44,3.66,1
634,camp-8k06mo,1267,19,instagram,image,45-54,all,germany,29163,1766,2301.74,0.04,6.06,1
635,camp-xsfh4g,27292,25,youtube,carousel,35-44,female,india,18877,4764,69.17,1.45,25.24,1
636,camp-g24479,1162,39,google,video,18-24,female,canada,14469,1221,1245.18,0.08,8.44,1
637,camp-qtkcd0,18640,56,google,image,55+,all,germany,11864,4931,63.65,1.57,41.56,1
638,camp-rlexdw,24344,18,linkedin,carousel,35-44,all,india,33854,4972,139.07,0.72,14.69,1
639,camp-6lqwlv,21645,8,google,text,35-44,male,us,10074,3807,46.54,2.15,37.79,1
640,camp-unlpai,21789,10,instagram,carousel,25-34,male,uk,43750,2415,200.79,0.5,5.52,1
641,camp-h0p4e0,11274,27,instagram,video,18-24,female,uk,7485,4346,66.39,1.51,58.06,1
642,camp-5qmktg,23025,20,facebook,story,55+,female,us,1598,1619,6.94,14.41,101.31,1
643,camp-v44ftj,37597,27,instagram,carousel,35-44,male,uk,5115,1264,13.6,7.35,24.71,1
644,camp-5ccasb,9448,14,google,story,35-44,all,uk,22930,872,242.7,0.41,3.8,1
645,camp-uov6tt,23814,17,instagram,text,55+,female,us,3457,835,14.52,6.89,24.15,1
646,camp-9q1ni1,38202,28,linkedin,carousel,18-24,all,us,33457,2823,87.58,1.14,8.44,1
647,camp-0kqsos,9024,43,facebook,image,25-34,male,india,32990,919,365.58,0.27,2.79,1
648,camp-x43wfs,37198,47,google,story,35-44,female,india,5716,1725,15.37,6.51,30.18,1
649,camp-qg8x80,24494,28,facebook,text,25-34,female,us,37172,2414,151.76,0.66,6.49,1
650,camp-rmhrcn,6901,49,google,image,45-54,male,canada,25142,1314,364.32,0.27,5.23,1
651,camp-bh6nqq,37714,34,linkedin,image,18-24,female,uk,10159,4499,26.94,3.71,44.29,1
652,camp-b9lzs3,6831,12,facebook,image,45-54,male,india,35704,2106,522.68,0.19,5.9,1
653,camp-4jtgxn,48236,18,youtube,image,45-54,female,uk,34982,2569,72.52,1.38,7.34,1
654,camp-x4sn6s,23725,9,google,carousel,45-54,male,germany,26555,1139,111.93,0.89,4.29,1
655,camp-m5rrvs,17437,19,youtube,carousel,18-24,female,us,36763,210,210.83,0.47,0.57,0
656,camp-ffcxhg,35407,25,facebook,carousel,18-24,all,canada,43219,1065,122.06,0.82,2.46,1
657,camp-nzei3z,7156,28,youtube,text,55+,all,germany,7796,4912,108.94,0.92,63.01,1
658,camp-rrhf4a,11616,23,youtube,text,25-34,all,germany,12025,2221,103.52,0.97,18.47,1
659,camp-bufwbu,44361,24,facebook,text,25-34,female,germany,40572,234,91.46,1.09,0.58,0
660,camp-cjg8vu,1642,60,linkedin,video,55+,female,us,15646,793,952.86,0.1,5.07,1
661,camp-azxkdq,21777,9,youtube,text,55+,all,india,38003,3111,174.51,0.57,8.19,1
662,camp-95g3v2,46832,16,youtube,carousel,45-54,all,us,33911,2167,72.41,1.38,6.39,1
663,camp-3gxj0m,39181,17,linkedin,carousel,55+,male,india,3930,335,10.03,9.97,8.52,1
664,camp-qvindh,27669,55,youtube,video,35-44,male,germany,43504,1360,157.23,0.64,3.13,1
665,camp-4spfdr,23422,9,youtube,video,25-34,male,germany,43589,1215,186.1,0.54,2.79,1
666,camp-wb2ser,19165,11,youtube,text,55+,all,canada,43498,4420,226.97,0.44,10.16,1
667,camp-ev361x,18024,53,instagram,story,35-44,all,india,2835,284,15.73,6.36,10.02,1
668,camp-snbti2,22656,50,linkedin,video,35-44,all,germany,22499,213,99.31,1.01,0.95,0
669,camp-2nv01z,27062,10,youtube,image,35-44,male,uk,14849,1659,54.87,1.82,11.17,1
670,camp-deri4k,28395,52,linkedin,carousel,35-44,female,canada,49098,4079,172.91,0.58,8.31,1
671,camp-5ogz2u,13907,25,google,image,45-54,all,us,39357,4848,283.0,0.35,12.32,1
672,camp-eaxyln,42448,31,google,carousel,35-44,female,canada,48834,1418,115.04,0.87,2.9,1
673,camp-fxj4pn,26532,20,youtube,carousel,45-54,female,uk,47548,2387,179.21,0.56,5.02,1
674,camp-jy1o2r,17849,33,linkedin,video,45-54,female,india,43383,1795,243.06,0.41,4.14,1
675,camp-ntjlmz,41559,32,linkedin,video,35-44,male,us,40878,105,98.36,1.02,0.26,0
676,camp-04x0qz,26356,54,linkedin,image,25-34,female,us,4040,4866,15.33,6.52,120.45,1
677,camp-fhomtz,40362,41,instagram,carousel,35-44,all,india,19123,3894,47.38,2.11,20.36,1
678,camp-zf8adf,37180,37,google,image,35-44,male,canada,36913,3846,99.28,1.01,10.42,1
679,camp-7pchcb,1424,20,linkedin,story,35-44,all,germany,14599,3691,1025.21,0.1,25.28,1
680,camp-n9wszv,25831,44,linkedin,image,25-34,all,canada,18309,3293,70.88,1.41,17.99,1
681,camp-83xphx,36009,41,instagram,text,18-24,male,uk,19840,379,55.1,1.81,1.91,0
682,camp-2kbvsi,23903,19,instagram,image,18-24,all,germany,10029,3294,41.96,2.38,32.84,1
683,camp-gbiaf9,19970,16,linkedin,text,45-54,all,canada,20366,3330,101.98,0.98,16.35,1
684,camp-2movs0,34678,33,facebook,text,45-54,male,india,26233,4809,75.65,1.32,18.33,1
685,camp-cdk36m,6688,26,linkedin,text,25-34,all,uk,28374,3439,424.25,0.24,12.12,1
686,camp-8jvh7u,38169,37,linkedin,story,55+,female,uk,24674,225,64.64,1.55,0.91,0
687,camp-jodck8,26890,46,instagram,image,18-24,all,uk,38226,738,142.16,0.7,1.93,0
688,camp-2853uy,25389,47,instagram,image,45-54,female,germany,20295,236,79.94,1.25,1.16,0
689,camp-8u118q,28278,36,linkedin,story,18-24,all,us,46755,4279,165.34,0.6,9.15,1
690,camp-qvaecw,28810,5,linkedin,carousel,25-34,male,germany,23840,712,82.75,1.21,2.99,1
691,camp-9yil8s,15585,39,linkedin,video,25-34,male,canada,26806,1889,172.0,0.58,7.05,1
692,camp-a3idy3,44582,45,instagram,image,55+,all,us,2883,4719,6.47,15.46,163.68,1
693,camp-c7rm6j,20752,42,linkedin,video,55+,male,canada,5335,1260,25.71,3.89,23.62,1
694,camp-8y6rh0,4848,28,linkedin,story,25-34,all,us,9639,749,198.82,0.5,7.77,1
695,camp-5hhiwf,21333,57,youtube,carousel,45-54,male,germany,47526,3987,222.78,0.45,8.39,1
696,camp-d7yxw1,9535,25,facebook,carousel,18-24,female,uk,14166,3552,148.57,0.67,25.07,1
697,camp-tbrwr9,3809,46,google,carousel,35-44,all,india,7695,510,202.02,0.49,6.63,1
698,camp-65r96k,30455,41,facebook,story,55+,female,uk,44836,1824,147.22,0.68,4.07,1
699,camp-hub2rt,13216,17,youtube,text,35-44,female,germany,29200,4881,220.94,0.45,16.72,1
700,camp-soyg9z,25570,58,google,text,45-54,all,us,10939,2942,42.78,2.34,26.89,1
701,camp-qyahul,42444,51,linkedin,video,55+,female,uk,30336,4233,71.47,1.4,13.95,1
702,camp-wjtiqw,43018,6,youtube,text,35-44,all,germany,37595,2135,87.39,1.14,5.68,1
703,camp-nrhzn4,39398,31,linkedin,text,45-54,female,canada,16044,1778,40.72,2.46,11.08,1
704,camp-kgeuid,43056,24,instagram,carousel,18-24,all,india,35553,1223,82.57,1.21,3.44,1
705,camp-jipnf8,14783,27,youtube,carousel,45-54,all,uk,46429,3668,314.07,0.32,7.9,1
706,camp-f3gr94,604,15,instagram,video,55+,male,us,24712,1778,4091.39,0.02,7.19,1
707,camp-sz2kuu,34082,20,youtube,image,25-34,all,canada,39186,1305,114.98,0.87,3.33,1
708,camp-oyc3rw,34399,35,youtube,video,18-24,all,germany,26689,4860,77.59,1.29,18.21,1
709,camp-qmmu7j,28116,18,instagram,video,35-44,female,india,17255,702,61.37,1.63,4.07,1
710,camp-ae58hu,24060,47,google,story,55+,all,us,32980,2990,137.07,0.73,9.07,1
711,camp-xg2myr,33691,44,facebook,story,25-34,male,germany,7827,152,23.23,4.3,1.94,0
712,camp-06nkwf,17412,46,linkedin,video,45-54,female,germany,28365,1326,162.9,0.61,4.67,1
713,camp-g3mwu4,37897,4,youtube,video,25-34,female,uk,47667,1302,125.78,0.8,2.73,1
714,camp-cfilkj,46296,57,linkedin,video,55+,male,uk,27023,3723,58.37,1.71,13.78,1
715,camp-xjq5nv,49385,37,instagram,text,55+,female,us,18366,1712,37.19,2.69,9.32,1
716,camp-8oga0x,2205,44,linkedin,story,25-34,female,germany,27354,807,1240.54,0.08,2.95,1
717,camp-7zcgdc,36495,36,instagram,video,45-54,female,uk,36353,4331,99.61,1.0,11.91,1
718,camp-5tao1c,45840,32,linkedin,carousel,25-34,female,india,30572,2723,66.69,1.5,8.91,1
719,camp-jfx5li,22800,57,facebook,carousel,55+,male,india,22390,4657,98.2,1.02,20.8,1
720,camp-kwe4bx,34720,15,facebook,text,55+,male,germany,19880,1326,57.26,1.75,6.67,1
721,camp-4lr9tj,37778,15,facebook,text,35-44,female,uk,13453,4134,35.61,2.81,30.73,1
722,camp-q8zgvw,20659,20,facebook,image,35-44,female,us,14566,1160,70.51,1.42,7.96,1
723,camp-wusxlm,27609,34,facebook,image,18-24,male,us,19141,2870,69.33,1.44,14.99,1
724,camp-t2pnjk,27960,34,facebook,image,55+,male,us,8009,4517,28.64,3.49,56.4,1
725,camp-a34mqa,11103,37,instagram,text,35-44,male,india,31982,1243,288.05,0.35,3.89,1
726,camp-78rapk,21832,41,youtube,text,25-34,female,uk,30604,348,140.18,0.71,1.14,0
727,camp-ianouo,25926,48,linkedin,text,45-54,female,uk,36751,1832,141.75,0.71,4.98,1
728,camp-f0onjp,30454,54,facebook,carousel,25-34,all,india,3435,1570,11.28,8.87,45.71,1
729,camp-i163yk,13943,31,instagram,text,45-54,male,us,33740,3936,241.99,0.41,11.67,1
730,camp-03o4gk,44572,51,instagram,carousel,35-44,female,us,10417,1919,23.37,4.28,18.42,1
731,camp-wwjwga,48629,31,instagram,image,18-24,male,germany,46555,3233,95.74,1.04,6.94,1
732,camp-btgdjz,6290,55,youtube,image,25-34,female,canada,33382,3759,530.72,0.19,11.26,1
733,camp-0ifrml,17740,46,linkedin,image,25-34,male,uk,19692,2356,111.0,0.9,11.96,1
734,camp-29q2l4,38513,59,youtube,video,25-34,female,uk,10839,1398,28.14,3.55,12.9,1
735,camp-8c1cqg,42456,18,google,video,45-54,all,uk,35318,2781,83.19,1.2,7.87,1
736,camp-433e1i,44697,58,instagram,story,35-44,all,canada,21000,1825,46.98,2.13,8.69,1
737,camp-1p0bq1,40921,46,google,story,25-34,male,germany,25613,2492,62.59,1.6,9.73,1
738,camp-s9ryll,3430,49,facebook,story,25-34,female,canada,39699,4061,1157.41,0.09,10.23,1
739,camp-wb7sjw,19187,59,facebook,video,18-24,female,us,36454,405,189.99,0.53,1.11,0
740,camp-h55hew,41530,12,youtube,video,18-24,male,us,33041,1722,79.56,1.26,5.21,1
741,camp-lgje2a,24604,32,linkedin,story,35-44,female,uk,39115,2826,158.98,0.63,7.22,1
742,camp-b2rvnd,7214,27,google,story,35-44,male,india,47713,3846,661.39,0.15,8.06,1
743,camp-fdw79w,13423,41,linkedin,text,55+,female,uk,400,4211,2.98,33.56,1052.75,0
744,camp-cxz2ei,34221,22,youtube,story,18-24,male,india,18362,3193,53.66,1.86,17.39,1
745,camp-9212pg,11075,7,facebook,text,55+,female,canada,24177,65,218.3,0.46,0.27,0
746,camp-yme6rp,11123,3,linkedin,carousel,45-54,male,us,28903,1300,259.85,0.38,4.5,1
747,camp-kzggm0,21547,32,linkedin,video,55+,female,india,37550,4921,174.27,0.57,13.11,1
748,camp-j36tcf,25033,51,facebook,story,25-34,all,canada,33835,1416,135.16,0.74,4.19,1
749,camp-kjnawn,24059,5,google,video,55+,female,us,18660,3594,77.56,1.29,19.26,1
750,camp-ga41iz,767,47,facebook,video,35-44,male,india,23640,969,3082.14,0.03,4.1,1
751,camp-xtnsrt,29803,16,linkedin,video,45-54,all,uk,29493,369,98.96,1.01,1.25,0
752,camp-wlxdsc,9437,58,google,carousel,25-34,female,uk,48047,233,509.13,0.2,0.48,0
753,camp-4e5hrd,46527,32,google,image,55+,all,uk,7220,2243,15.52,6.44,31.07,1
754,camp-u4xszj,36587,52,facebook,story,45-54,female,canada,13353,3084,36.5,2.74,23.1,1
755,camp-nvc7hr,19229,6,linkedin,image,45-54,all,uk,6257,921,32.54,3.07,14.72,1
756,camp-6c2cu7,40351,20,youtube,image,25-34,male,germany,12366,689,30.65,3.26,5.57,1
757,camp-onz3jb,32021,39,linkedin,image,55+,female,us,35237,4273,110.04,0.91,12.13,1
758,camp-ck88d0,33407,27,instagram,video,45-54,female,canada,6290,1470,18.83,5.31,23.37,1
759,camp-tgsiwg,27455,50,youtube,text,45-54,male,uk,1943,4726,7.08,14.13,243.23,1
760,camp-0odwmq,37832,3,google,video,18-24,all,us,13803,4260,36.48,2.74,30.86,1
761,camp-x5ggom,4935,55,youtube,video,45-54,male,india,38140,3623,772.85,0.13,9.5,1
762,camp-f9pml9,20259,48,google,image,18-24,male,uk,11282,2101,55.69,1.8,18.62,1
763,camp-ln1p0v,38910,17,google,video,55+,all,us,17559,2266,45.13,2.22,12.91,1
764,camp-uh17j8,47705,11,youtube,image,55+,male,germany,3167,3790,6.64,15.06,119.67,1
765,camp-qo09vs,40180,17,google,text,55+,female,india,36979,824,92.03,1.09,2.23,1
766,camp-9kkh4a,38188,51,google,story,35-44,female,germany,48341,3432,126.59,0.79,7.1,1
767,camp-3yjtu7,13316,59,instagram,image,55+,female,us,4092,4152,30.73,3.25,101.47,1
768,camp-fbmenu,35647,26,linkedin,text,45-54,male,germany,37251,4214,104.5,0.96,11.31,1
769,camp-i3do70,31571,6,linkedin,story,25-34,female,us,26796,798,84.88,1.18,2.98,1
770,camp-02g3yu,17408,14,instagram,carousel,18-24,female,us,14066,780,80.8,1.24,5.55,1
771,camp-6vk0uc,27632,60,youtube,image,35-44,female,germany,25072,2851,90.74,1.1,11.37,1
772,camp-c1m3o5,34449,39,facebook,image,55+,female,us,35476,2893,102.98,0.97,8.15,1
773,camp-5ixva1,45545,39,facebook,carousel,55+,female,uk,27988,1894,61.45,1.63,6.77,1
774,camp-nkbtfs,5813,45,facebook,carousel,25-34,female,us,43728,3307,752.24,0.13,7.56,1
775,camp-hb0oqv,49507,8,instagram,image,25-34,male,canada,35762,2903,72.24,1.38,8.12,1
776,camp-shkoec,4904,41,instagram,carousel,35-44,female,us,40028,4804,816.23,0.12,12.0,1
777,camp-ubods1,10236,58,google,video,18-24,female,canada,8837,3719,86.33,1.16,42.08,1
778,camp-eeurxh,109,48,facebook,story,55+,all,us,2036,22,1867.89,0.05,1.08,0
779,camp-w0ic1l,19355,26,youtube,story,35-44,male,us,10992,1501,56.79,1.76,13.66,1
780,camp-7dypml,23893,13,youtube,story,45-54,male,germany,17508,843,73.28,1.36,4.81,1
781,camp-vak9w9,29648,15,facebook,video,45-54,male,uk,12211,1761,41.19,2.43,14.42,1
782,camp-pfb3hn,37992,36,facebook,carousel,35-44,male,uk,20739,3642,54.59,1.83,17.56,1
783,camp-14eb87,1115,27,facebook,text,55+,female,india,29213,192,2620.0,0.04,0.66,0
784,camp-53ayeq,27812,9,instagram,carousel,35-44,female,germany,35825,396,128.81,0.78,1.11,0
785,camp-ahthsj,35061,54,instagram,image,55+,all,germany,33787,4663,96.37,1.04,13.8,1
786,camp-r0fzau,8515,6,instagram,story,25-34,all,uk,8822,4327,103.61,0.97,49.05,1
787,camp-xbgk2w,46418,10,linkedin,carousel,35-44,male,germany,35642,874,76.78,1.3,2.45,1
788,camp-bxanj4,47380,22,youtube,text,55+,all,uk,1261,2622,2.66,37.57,207.93,0
789,camp-x5a5xi,23933,31,youtube,image,35-44,all,germany,279,4336,1.17,85.78,1554.12,0
790,camp-n9dl5t,4258,56,google,video,35-44,male,us,48592,90,1141.19,0.09,0.19,0
791,camp-gsq7ai,20409,55,instagram,video,55+,male,uk,14395,2280,70.53,1.42,15.84,1
792,camp-tmofmm,7070,53,linkedin,text,55+,all,uk,36003,457,509.24,0.2,1.27,0
793,camp-wi9s3w,7038,47,linkedin,image,18-24,female,canada,31869,2281,452.81,0.22,7.16,1
794,camp-563btk,21268,48,youtube,story,35-44,all,germany,47829,4450,224.89,0.44,9.3,1
795,camp-f6xdn8,46640,12,instagram,carousel,45-54,all,germany,16935,1005,36.31,2.75,5.93,1
796,camp-wwiif8,20484,45,google,image,35-44,female,uk,26758,4535,130.63,0.77,16.95,1
797,camp-6lthet,18117,36,instagram,video,35-44,female,us,98,345,0.54,184.87,352.04,0
798,camp-25lzse,10444,59,facebook,text,55+,male,us,20000,2712,191.5,0.52,13.56,1
799,camp-99f77l,40134,28,instagram,text,35-44,male,us,15223,4753,37.93,2.64,31.22,1
800,camp-u8el50,8802,43,facebook,carousel,35-44,all,germany,49588,2463,563.37,0.18,4.97,1
801,camp-15oop7,484,51,facebook,text,45-54,female,canada,33787,1117,6980.79,0.01,3.31,1
802,camp-67j2dg,504,60,google,text,55+,male,uk,28086,626,5572.62,0.02,2.23,1
803,camp-1wjuii,41043,5,youtube,image,35-44,all,india,47371,4380,115.42,0.87,9.25,1
804,camp-ymyrsv,48026,58,instagram,story,25-34,female,canada,5870,1980,12.22,8.18,33.73,1
805,camp-zn4reg,29289,8,facebook,carousel,18-24,all,india,14342,3995,48.97,2.04,27.86,1
806,camp-b1ajo0,12863,7,instagram,image,45-54,male,canada,3102,1679,24.12,4.15,54.13,1
807,camp-91c795,18484,7,youtube,story,35-44,male,us,44427,223,240.35,0.42,0.5,0
808,camp-rlqiob,32706,56,youtube,image,25-34,female,germany,23831,744,72.86,1.37,3.12,1
809,camp-0nlw0v,9960,49,linkedin,image,35-44,all,india,2352,463,23.61,4.23,19.69,1
810,camp-s52sq3,38857,25,youtube,text,35-44,female,canada,2333,1569,6.0,16.66,67.25,1
811,camp-b9so0u,15206,51,google,story,55+,male,germany,48203,3348,317.0,0.32,6.95,1
812,camp-swbkok,23674,11,facebook,carousel,55+,male,india,42617,1737,180.02,0.56,4.08,1
813,camp-3qpwbs,23624,37,linkedin,carousel,55+,all,uk,15670,4040,66.33,1.51,25.78,1
814,camp-f3q0e2,3736,22,google,story,25-34,all,canada,30511,3952,816.68,0.12,12.95,1
815,camp-7zeoqg,11016,60,instagram,text,35-44,all,uk,20800,665,188.82,0.53,3.2,1
816,camp-vzhqjy,4909,51,facebook,video,18-24,female,us,32940,1357,671.01,0.15,4.12,1
817,camp-62zeeq,32301,44,youtube,image,45-54,all,uk,23233,1015,71.93,1.39,4.37,1
818,camp-nsn2s8,13556,37,facebook,text,55+,all,uk,9522,2133,70.24,1.42,22.4,1
819,camp-nn16ux,48312,52,instagram,story,55+,male,canada,3777,2669,7.82,12.79,70.66,1
820,camp-f5gzpl,38865,20,linkedin,image,35-44,male,us,46550,1055,119.77,0.83,2.27,1
821,camp-1qweeh,34916,19,linkedin,carousel,35-44,all,uk,25573,1765,73.24,1.37,6.9,1
822,camp-wjq4ta,45206,26,linkedin,video,25-34,all,germany,30816,4459,68.17,1.47,14.47,1
823,camp-5ivroc,17200,5,youtube,carousel,25-34,male,india,37776,2870,219.63,0.46,7.6,1
824,camp-vitwu3,22049,34,google,story,55+,all,uk,574,1413,2.6,38.41,246.17,0
825,camp-bfxb4y,4644,37,google,image,35-44,female,us,9129,668,196.58,0.51,7.32,1
826,camp-4k7bpg,37844,40,facebook,story,18-24,female,uk,8449,3371,22.33,4.48,39.9,1
827,camp-yvyv2g,45643,15,youtube,image,45-54,female,india,27420,1395,60.07,1.66,5.09,1
828,camp-qu7dkn,42883,58,linkedin,text,35-44,all,us,16582,99,38.67,2.59,0.6,0
829,camp-ncptke,26757,49,linkedin,video,35-44,male,canada,16871,4071,63.05,1.59,24.13,1
830,camp-zjsszw,36287,27,instagram,text,25-34,all,us,43212,422,119.08,0.84,0.98,0
831,camp-d0w9ry,47298,11,instagram,text,45-54,all,canada,3799,3651,8.03,12.45,96.1,1
832,camp-79kvls,7339,6,linkedin,story,55+,male,us,11403,4158,155.38,0.64,36.46,1
833,camp-9meusw,14589,16,linkedin,video,35-44,male,india,46827,1133,320.97,0.31,2.42,1
834,camp-rgvz9a,49501,39,youtube,image,55+,male,india,28527,1703,57.63,1.74,5.97,1
835,camp-awe429,43225,36,google,image,35-44,female,us,24620,3621,56.96,1.76,14.71,1
836,camp-omuwah,28638,13,instagram,carousel,55+,all,uk,20887,3191,72.93,1.37,15.28,1
837,camp-k2lsla,32149,43,google,image,45-54,male,india,11487,598,35.73,2.8,5.21,1
838,camp-ym0wbg,37231,58,youtube,story,25-34,all,canada,38154,392,102.48,0.98,1.03,0
839,camp-lmy62x,43044,5,linkedin,text,45-54,female,canada,4601,1076,10.69,9.36,23.39,1
840,camp-rw6tm2,8527,30,google,text,18-24,female,germany,2873,2651,33.69,2.97,92.27,1
841,camp-o04k0l,41448,31,linkedin,text,25-34,male,canada,12966,2385,31.28,3.2,18.39,1
842,camp-thy25m,24385,11,linkedin,video,45-54,male,germany,15217,810,62.4,1.6,5.32,1
843,camp-8kb9w4,37726,5,facebook,image,18-24,all,us,41495,3310,109.99,0.91,7.98,1
844,camp-uov51z,42908,27,google,story,35-44,male,us,47686,3739,111.14,0.9,7.84,1
845,camp-lboriq,23028,36,google,video,35-44,all,us,8441,1160,36.66,2.73,13.74,1
846,camp-8hke22,19298,14,linkedin,carousel,55+,male,uk,12708,1532,65.85,1.52,12.06,1
847,camp-6parsg,19858,44,youtube,story,25-34,all,uk,29735,4977,149.74,0.67,16.74,1
848,camp-70s1f5,15354,11,facebook,story,35-44,all,germany,23430,2683,152.6,0.66,11.45,1
849,camp-37ye0q,44338,17,linkedin,story,25-34,all,canada,42481,254,95.81,1.04,0.6,0
850,camp-zsa7yv,1352,42,instagram,text,35-44,all,canada,28969,3549,2142.68,0.05,12.25,1
851,camp-dqbsxl,39864,27,instagram,story,55+,female,us,2361,3186,5.92,16.88,134.94,1
852,camp-ul6lgj,12273,7,facebook,image,45-54,all,india,40043,1232,326.27,0.31,3.08,1
853,camp-lpefja,37541,13,youtube,story,55+,male,uk,44383,2424,118.23,0.85,5.46,1
854,camp-wshmlf,26798,36,linkedin,text,18-24,female,uk,43088,3576,160.79,0.62,8.3,1
855,camp-zkicwm,15881,26,google,story,35-44,female,us,13610,4262,85.7,1.17,31.32,1
856,camp-peqydb,13151,17,facebook,carousel,18-24,all,uk,49806,1574,378.72,0.26,3.16,1
857,camp-pgvv4z,39749,40,youtube,carousel,18-24,female,us,48783,2909,122.73,0.81,5.96,1
858,camp-wl3zyt,7049,10,google,text,25-34,all,germany,38603,4713,547.64,0.18,12.21,1
859,camp-91qe37,42389,7,instagram,image,35-44,male,canada,26043,1626,61.44,1.63,6.24,1
860,camp-qqyzqi,8117,50,instagram,image,18-24,all,india,30542,3999,376.27,0.27,13.09,1
861,camp-i4w6oz,7041,28,google,video,45-54,female,canada,21031,3884,298.69,0.33,18.47,1
862,camp-x25qbr,26034,20,facebook,text,18-24,male,canada,24193,3516,92.93,1.08,14.53,1
863,camp-mqg1ve,23486,8,instagram,story,45-54,all,germany,12117,3404,51.59,1.94,28.09,1
864,camp-d32lx2,10309,39,linkedin,text,25-34,male,uk,23966,4599,232.48,0.43,19.19,1
865,camp-toowt9,17815,50,google,video,18-24,male,india,41558,4681,233.28,0.43,11.26,1
866,camp-nm3v2p,29020,15,google,text,55+,female,uk,46471,1959,160.13,0.62,4.22,1
867,camp-2tixc7,31803,30,instagram,text,25-34,male,canada,3865,4010,12.15,8.23,103.75,1
868,camp-urvqt3,42418,7,facebook,video,45-54,female,us,31886,2736,75.17,1.33,8.58,1
869,camp-g8cd31,4737,15,linkedin,image,25-34,male,canada,37527,4492,792.21,0.13,11.97,1
870,camp-nrxd35,4954,19,facebook,story,18-24,all,uk,37325,3175,753.43,0.13,8.51,1
871,camp-6wafft,43188,52,youtube,video,35-44,male,canada,39393,402,91.21,1.1,1.02,0
872,camp-ouhylu,37760,42,youtube,carousel,35-44,all,us,4823,975,12.77,7.83,20.22,1
873,camp-6k7p9m,39911,47,instagram,image,45-54,all,germany,12496,224,31.31,3.19,1.79,0
874,camp-da9oek,49389,34,instagram,carousel,45-54,male,uk,30783,4614,62.33,1.6,14.99,1
875,camp-ntbz3m,19956,31,instagram,image,35-44,all,canada,10514,236,52.69,1.9,2.24,1
876,camp-55izol,21933,53,youtube,story,45-54,male,uk,48682,3499,221.96,0.45,7.19,1
877,camp-nntxrg,20063,60,facebook,story,25-34,male,germany,21626,4212,107.79,0.93,19.48,1
878,camp-n74f9y,37032,5,facebook,text,55+,all,canada,3370,3235,9.1,10.99,95.99,1
879,camp-ecazrp,27269,58,instagram,carousel,55+,all,canada,10800,226,39.61,2.52,2.09,1
880,camp-9dxoq2,8041,42,linkedin,image,25-34,female,uk,37516,2278,466.56,0.21,6.07,1
881,camp-vpgstq,14488,36,facebook,story,55+,all,uk,26622,4278,183.75,0.54,16.07,1
882,camp-mgvu4i,5669,42,youtube,video,18-24,female,us,17998,1342,317.48,0.31,7.46,1
883,camp-sotn9u,4400,29,google,story,25-34,all,germany,38876,4037,883.55,0.11,10.38,1
884,camp-zeryf0,39137,15,google,video,45-54,male,us,23565,210,60.21,1.66,0.89,0
885,camp-992qc6,36686,47,google,image,25-34,all,canada,27917,3728,76.1,1.31,13.35,1
886,camp-dr08cw,12115,35,linkedin,story,35-44,male,uk,776,3929,6.41,15.61,506.31,1
887,camp-2lbm2q,45102,8,instagram,story,45-54,male,canada,25870,4990,57.36,1.74,19.29,1
888,camp-sq0p82,6354,26,youtube,image,35-44,male,canada,6747,2804,106.19,0.94,41.56,1
889,camp-kb700u,17244,21,linkedin,story,45-54,female,india,44728,1110,259.38,0.39,2.48,1
890,camp-crgb93,24314,18,youtube,video,55+,all,india,42075,2027,173.05,0.58,4.82,1
891,camp-wkcs4k,40218,42,youtube,story,25-34,male,canada,13013,394,32.36,3.09,3.03,1
892,camp-ek4aeg,15283,30,instagram,carousel,18-24,male,uk,49484,844,323.78,0.31,1.71,0
893,camp-vfq3jz,6338,35,google,text,45-54,female,canada,1131,1525,17.84,5.6,134.84,1
894,camp-r25mdf,6190,50,instagram,video,45-54,all,india,20319,604,328.26,0.3,2.97,1
895,camp-7fr91i,11737,43,linkedin,carousel,35-44,all,uk,10826,582,92.24,1.08,5.38,1
896,camp-pwh0mx,22515,15,linkedin,image,55+,female,canada,31866,1940,141.53,0.71,6.09,1
897,camp-1egok0,24171,45,linkedin,video,35-44,female,germany,14246,133,58.94,1.7,0.93,0
898,camp-1tnzrf,45515,47,instagram,text,35-44,all,germany,42162,2839,92.63,1.08,6.73,1
899,camp-5a7qy8,42779,27,youtube,text,55+,female,canada,16008,3386,37.42,2.67,21.15,1
900,camp-yb7w8p,41340,55,youtube,image,18-24,all,uk,23419,3771,56.65,1.77,16.1,1
901,camp-74mjdx,18371,44,facebook,image,35-44,all,canada,11739,2269,63.9,1.56,19.33,1
902,camp-o100vh,36134,38,linkedin,video,35-44,male,canada,17381,976,48.1,2.08,5.62,1
903,camp-mygty3,33534,29,youtube,story,45-54,male,india,37578,1814,112.06,0.89,4.83,1
904,camp-addqhk,4288,40,facebook,image,55+,all,germany,13486,3264,314.51,0.32,24.2,1
905,camp-gad7x4,49923,9,youtube,story,25-34,all,india,116,1544,0.23,430.37,1331.03,0
906,camp-8wze4e,10261,7,linkedin,carousel,18-24,all,india,30775,2836,299.92,0.33,9.22,1
907,camp-x6u86z,28832,45,google,text,18-24,all,canada,25262,2739,87.62,1.14,10.84,1
908,camp-jq7w7j,11414,47,linkedin,story,55+,all,india,33382,1358,292.47,0.34,4.07,1
909,camp-p61lfc,24054,60,instagram,text,45-54,all,germany,25451,4135,105.81,0.95,16.25,1
910,camp-1nlc8j,21608,59,youtube,story,45-54,female,india,13443,1317,62.21,1.61,9.8,1
911,camp-pr7vgr,22069,53,youtube,carousel,55+,all,germany,3720,162,16.86,5.93,4.35,1
912,camp-f1hx6z,45759,33,instagram,image,45-54,female,india,25651,1910,56.06,1.78,7.45,1
913,camp-dcujq6,37645,25,instagram,carousel,18-24,female,germany,2301,1128,6.11,16.36,49.02,1
914,camp-fx7xjz,36768,44,google,image,18-24,all,india,45767,3871,124.48,0.8,8.46,1
915,camp-6us7rp,23161,12,youtube,image,25-34,all,india,33622,1659,145.17,0.69,4.93,1
916,camp-422ta8,13816,34,youtube,text,55+,female,uk,27077,3126,195.98,0.51,11.54,1
917,camp-3ru7my,39849,45,google,carousel,35-44,female,germany,31896,1964,80.04,1.25,6.16,1
918,camp-ow8dt8,39244,55,facebook,story,35-44,all,germany,21065,2290,53.68,1.86,10.87,1
919,camp-cq1xgb,17007,32,google,carousel,25-34,all,germany,9633,967,56.64,1.77,10.04,1
920,camp-ngz6wm,18877,41,linkedin,text,25-34,female,us,23154,890,122.66,0.82,3.84,1
921,camp-dw0fgz,27793,33,youtube,image,45-54,female,india,12274,3062,44.16,2.26,24.95,1
922,camp-vrctlt,43028,20,instagram,text,25-34,female,germany,38834,3630,90.25,1.11,9.35,1
923,camp-4q9bc2,26429,38,linkedin,video,25-34,male,us,30886,3190,116.86,0.86,10.33,1
924,camp-be3yqy,46992,4,youtube,video,35-44,female,uk,29349,2749,62.46,1.6,9.37,1
925,camp-5fu7bf,16382,16,google,story,45-54,male,germany,13086,1667,79.88,1.25,12.74,1
926,camp-xq7bze,23724,15,linkedin,text,25-34,all,germany,19983,3067,84.23,1.19,15.35,1
927,camp-gbl2qg,23421,31,youtube,story,25-34,all,us,12442,1442,53.12,1.88,11.59,1
928,camp-v3dr2h,10588,14,facebook,story,45-54,female,india,7988,1068,75.44,1.33,13.37,1
929,camp-2p39yl,22674,41,facebook,video,55+,all,uk,4191,4224,18.48,5.41,100.79,1
930,camp-9ue421,5340,4,instagram,story,45-54,all,germany,23400,2924,438.2,0.23,12.5,1
931,camp-vmefoz,43321,34,youtube,video,35-44,all,india,9596,4254,22.15,4.51,44.33,1
932,camp-tp7bd4,10578,15,facebook,image,55+,all,uk,5385,3857,50.91,1.96,71.62,1
933,camp-w1arag,45262,48,google,text,18-24,male,canada,5127,827,11.33,8.83,16.13,1
934,camp-dx5o31,19362,29,youtube,story,45-54,male,canada,46065,4608,237.91,0.42,10.0,1
935,camp-yhxso7,4532,51,google,video,35-44,female,uk,5661,3986,124.91,0.8,70.41,1
936,camp-vbgr8w,29821,43,google,carousel,55+,female,us,40907,2093,137.18,0.73,5.12,1
937,camp-2maiet,13668,19,facebook,story,45-54,female,uk,35710,3180,261.27,0.38,8.91,1
938,camp-dn1th1,14278,42,youtube,image,25-34,all,uk,5627,4539,39.41,2.54,80.66,1
939,camp-xjg2y8,22295,33,linkedin,image,45-54,all,us,20052,3902,89.94,1.11,19.46,1
940,camp-rgybxk,402,36,facebook,carousel,18-24,male,us,39501,2363,9826.12,0.01,5.98,1
941,camp-pm21b0,17122,26,facebook,video,45-54,male,india,34325,2225,200.47,0.5,6.48,1
942,camp-7g2re6,155,47,youtube,story,55+,female,india,49153,1727,31711.61,0.0,3.51,1
943,camp-zvlhyl,45881,37,youtube,video,55+,male,us,28697,2007,62.55,1.6,6.99,1
944,camp-2ld05n,8817,50,google,image,45-54,male,canada,34881,267,395.61,0.25,0.77,0
945,camp-hqr6f7,28799,8,youtube,video,55+,male,canada,34818,838,120.9,0.83,2.41,1
946,camp-qnezw9,8250,21,google,image,25-34,male,uk,31012,4585,375.9,0.27,14.78,1
947,camp-heyce4,2225,32,facebook,video,45-54,male,germany,48384,4798,2174.56,0.05,9.92,1
948,camp-qgm5v2,44347,9,instagram,carousel,25-34,female,uk,29633,687,66.82,1.5,2.32,1
949,camp-wwg84d,48613,12,linkedin,text,25-34,female,uk,1344,3362,2.76,36.17,250.15,0
950,camp-4r9v4k,16848,43,facebook,carousel,35-44,male,germany,15146,357,89.9,1.11,2.36,1
951,camp-00ilu6,39677,34,youtube,carousel,45-54,female,us,36883,3816,92.96,1.08,10.35,1
952,camp-vfua9b,4721,36,linkedin,text,55+,all,canada,46908,872,993.6,0.1,1.86,0
953,camp-q1btr2,15134,30,instagram,text,25-34,male,uk,27378,1974,180.9,0.55,7.21,1
954,camp-3qiua0,46491,17,instagram,story,35-44,all,germany,24448,4648,52.59,1.9,19.01,1
955,camp-8ekxdr,5226,32,google,story,45-54,female,india,17756,1811,339.76,0.29,10.2,1
956,camp-kz40aq,5222,39,linkedin,carousel,45-54,female,uk,22390,4419,428.76,0.23,19.74,1
957,camp-15o2nq,18130,31,google,carousel,18-24,all,canada,18875,2642,104.11,0.96,14.0,1
958,camp-w4c6lb,17402,24,facebook,image,18-24,female,us,17532,2229,100.75,0.99,12.71,1
959,camp-pj8t22,19281,6,linkedin,image,25-34,male,uk,9368,3392,48.59,2.06,36.21,1
960,camp-c50b8y,38738,22,facebook,story,18-24,all,uk,41306,4179,106.63,0.94,10.12,1
961,camp-5dnwng,1631,34,google,story,25-34,male,germany,44059,2351,2701.35,0.04,5.34,1
962,camp-uczh9i,41040,38,linkedin,image,55+,all,india,43235,4358,105.35,0.95,10.08,1
963,camp-er7u8h,40541,52,google,image,25-34,female,india,15624,4880,38.54,2.59,31.23,1
964,camp-0imjyj,23433,6,linkedin,video,18-24,all,us,48120,2740,205.35,0.49,5.69,1
965,camp-cmrsez,39750,29,google,video,55+,all,canada,14700,2731,36.98,2.7,18.58,1
966,camp-ytkw28,34774,19,instagram,image,18-24,male,us,46168,1319,132.77,0.75,2.86,1
967,camp-37c6qc,35954,14,google,video,25-34,female,uk,28980,1536,80.6,1.24,5.3,1
968,camp-6k8djz,46371,24,instagram,text,35-44,male,uk,20221,4785,43.61,2.29,23.66,1
969,camp-r5swk8,8252,19,google,story,45-54,female,india,34914,2444,423.1,0.24,7.0,1
970,camp-tempxk,38618,12,linkedin,story,18-24,male,canada,11851,1773,30.69,3.26,14.96,1
971,camp-c5i8xo,45640,56,linkedin,image,25-34,all,germany,22422,3210,49.13,2.04,14.32,1
972,camp-mxlvz4,10367,3,linkedin,carousel,55+,male,canada,16609,4935,160.21,0.62,29.71,1
973,camp-qke2gj,25389,24,youtube,image,18-24,female,uk,32384,878,127.55,0.78,2.71,1
974,camp-r81bmq,1162,28,facebook,video,18-24,female,germany,39987,2871,3441.22,0.03,7.18,1
975,camp-f7zk94,30026,58,linkedin,carousel,45-54,all,canada,13338,3201,44.42,2.25,24.0,1
976,camp-yxfibl,6329,20,instagram,video,25-34,female,canada,22448,4145,354.68,0.28,18.46,1
977,camp-ejgubl,49377,52,linkedin,text,35-44,male,germany,10744,3748,21.76,4.6,34.88,1
978,camp-mntfk7,48015,16,youtube,video,55+,all,uk,12241,2837,25.49,3.92,23.18,1
979,camp-orfqla,4732,49,instagram,text,25-34,female,canada,18101,293,382.52,0.26,1.62,0
980,camp-09lzrk,39156,31,youtube,text,55+,female,germany,10787,1652,27.55,3.63,15.31,1
981,camp-79ufu6,3696,14,instagram,video,18-24,male,uk,25301,4632,684.55,0.15,18.31,1
982,camp-py06ft,44343,38,google,video,45-54,male,germany,5197,4407,11.72,8.53,84.8,1
983,camp-lo4qdb,6268,37,facebook,text,45-54,all,germany,19693,537,314.18,0.32,2.73,1
984,camp-xvh7ka,42663,54,facebook,carousel,35-44,female,canada,39017,2687,91.45,1.09,6.89,1
985,camp-tqydsh,7661,14,youtube,text,45-54,male,uk,33364,234,435.5,0.23,0.7,0
986,camp-lv76mf,8358,9,facebook,story,18-24,all,canada,38049,2653,455.24,0.22,6.97,1
987,camp-4nnkm9,16716,31,youtube,text,35-44,female,us,40783,2375,243.98,0.41,5.82,1
988,camp-5d0p92,26834,13,youtube,carousel,25-34,female,us,18517,2273,69.01,1.45,12.28,1
989,camp-k38p6f,6471,35,youtube,story,45-54,all,uk,34858,967,538.68,0.19,2.77,1
990,camp-vdhr59,26169,8,facebook,image,35-44,all,germany,1802,890,6.89,14.52,49.39,1
991,camp-c81do6,14469,49,youtube,image,18-24,male,canada,1899,3864,13.12,7.62,203.48,1
992,camp-ouz1eg,13010,17,facebook,carousel,55+,female,canada,2692,3401,20.69,4.83,126.34,1
993,camp-ntb34k,8043,34,youtube,text,55+,female,uk,1650,35,20.51,4.87,2.12,1
994,camp-uqaaj8,12299,53,linkedin,video,18-24,female,uk,46769,4543,380.27,0.26,9.71,1
995,camp-4rx6pr,15828,13,youtube,carousel,18-24,all,us,20836,3524,131.64,0.76,16.91,1
996,camp-yiej9c,23375,60,instagram,story,55+,male,india,44615,1764,190.87,0.52,3.95,1
997,camp-0uu5wr,6838,25,youtube,story,35-44,female,uk,20233,3292,295.89,0.34,16.27,1
998,camp-yesu4f,16013,28,google,image,55+,all,india,49820,2489,311.12,0.32,5.0,1
999,camp-cl5efj,35340,36,youtube,story,18-24,female,uk,1182,2701,3.34,29.9,228.51,0
